tconst,titleType,primaryTitle,runtimeMinutes,genres,year,averageRating,numVotes
tt6710474,movie,Everything Everywhere All at Once,139,"Action,Adventure,Comedy",2022,7.8,445799
tt1877830,movie,The Batman,176,"Action,Crime,Drama",2022,7.8,698584
tt6443346,movie,Black Adam,125,"Action,Adventure,Fantasy",2022,6.3,245409
tt1464335,movie,Uncharted,116,"Action,Adventure",2022,6.3,227357
tt1745960,movie,Top Gun: Maverick,130,"Action,Drama",2022,8.3,586096
tt1630029,movie,Avatar: The Way of Water,192,"Action,Adventure,Fantasy",2022,7.7,381823
tt1649418,movie,The Gray Man,122,"Action,Thriller",2022,6.5,216659
tt11564570,movie,Glass Onion,139,"Comedy,Crime,Drama",2022,7.1,390996
tt9419884,movie,Doctor Strange in the Multiverse of Madness,126,"Action,Adventure,Fantasy",2022,6.9,437983
tt1016150,movie,All Quiet on the Western Front,148,"Action,Drama,War",2022,7.8,204053
tt10954984,movie,Nope,130,"Horror,Mystery,Sci-Fi",2022,6.8,228303
tt10648342,movie,Thor: Love and Thunder,118,"Action,Adventure,Comedy",2022,6.2,362586
tt10811166,movie,The Kashmir Files,170,Drama,2022,8.7,567392
tt2463208,movie,The Adam Project,106,"Action,Adventure,Comedy",2022,6.7,213507
tt9764362,movie,The Menu,107,"Comedy,Horror,Thriller",2022,7.2,314056
tt11138512,movie,The Northman,137,"Action,Adventure,Drama",2022,7.0,227602
tt12593682,movie,Bullet Train,127,"Action,Comedy,Thriller",2022,7.3,356565
tt11866324,movie,Prey,100,"Action,Adventure,Drama",2022,7.1,206565
tt9114286,movie,Black Panther: Wakanda Forever,161,"Action,Adventure,Drama",2022,6.7,267077
tt11813216,movie,The Banshees of Inisherin,114,"Comedy,Drama",2022,7.7,207680
tt3704428,movie,Elvis,159,"Biography,Drama,Music",2022,7.3,207868
tt3228774,movie,Cruella,134,"Adventure,Comedy,Crime",2021,7.3,244529
tt3480822,movie,Black Widow,134,"Action,Adventure,Sci-Fi",2021,6.7,396226
tt2953050,movie,Encanto,102,"Animation,Comedy,Family",2021,7.2,236134
tt5034838,movie,Godzilla vs. Kong,113,"Action,Sci-Fi,Thriller",2021,6.3,219444
tt2382320,movie,No Time to Die,163,"Action,Adventure,Thriller",2021,7.3,418244
tt6264654,movie,Free Guy,115,"Action,Adventure,Comedy",2021,7.1,390036
tt6334354,movie,The Suicide Squad,132,"Action,Adventure,Comedy",2021,7.2,371785
tt7097896,movie,Venom: Let There Be Carnage,97,"Action,Sci-Fi,Thriller",2021,5.9,236572
tt10838180,movie,The Matrix Resurrections,148,"Action,Sci-Fi",2021,5.7,260724
tt10872600,movie,Spider-Man: No Way Home,148,"Action,Adventure,Fantasy",2021,8.2,794869
tt9777666,movie,The Tomorrow War,138,"Action,Adventure,Drama",2021,6.5,213995
tt7991608,movie,Red Notice,118,"Action,Comedy,Thriller",2021,6.3,290328
tt9032400,movie,Eternals,156,"Action,Adventure,Fantasy",2021,6.3,358362
tt12361974,movie,Zack Snyder's Justice League,242,"Action,Adventure,Fantasy",2021,8.0,412090
tt11286314,movie,Don't Look Up,138,"Comedy,Drama,Sci-Fi",2021,7.2,557304
tt1160419,movie,Dune,155,"Action,Adventure,Drama",2021,8.0,675523
tt9376612,movie,Shang-Chi and the Legend of the Ten Rings,132,"Action,Adventure,Fantasy",2021,7.4,401459
tt15097216,movie,Jai Bhim,164,"Crime,Drama,Mystery",2021,8.8,206600
tt7888964,movie,Nobody,92,"Action,Crime,Drama",2021,7.4,284677
tt1051906,movie,The Invisible Man,124,"Drama,Horror,Mystery",2020,7.1,237455
tt2948372,movie,Soul,100,"Adventure,Animation,Comedy",2020,8.0,344785
tt7126948,movie,Wonder Woman 1984,151,"Action,Adventure,Fantasy",2020,5.4,278108
tt7713068,movie,Birds of Prey,109,"Action,Comedy,Crime",2020,6.0,249103
tt6723592,movie,Tenet,150,"Action,Sci-Fi,Thriller",2020,7.3,529612
tt7846844,movie,Enola Holmes,123,"Action,Adventure,Crime",2020,6.6,203766
tt8936646,movie,Extraction,116,"Action,Thriller",2020,6.7,214018
tt8332922,movie,A Quiet Place Part II,97,"Drama,Horror,Sci-Fi",2020,7.2,247157
tt0437086,movie,Alita: Battle Angel,122,"Action,Adventure,Sci-Fi",2019,7.3,278596
tt6146586,movie,John Wick: Chapter 3 - Parabellum,130,"Action,Crime,Thriller",2019,7.4,388171
tt6139732,movie,Aladdin,128,"Adventure,Comedy,Family",2019,6.9,275170
tt2935510,movie,Ad Astra,123,"Adventure,Drama,Mystery",2019,6.5,246426
tt6751668,movie,Parasite,132,"Drama,Thriller",2019,8.5,852602
tt7653254,movie,Marriage Story,137,"Drama,Romance",2019,7.9,324131
tt6320628,movie,Spider-Man: Far from Home,129,"Action,Adventure,Comedy",2019,7.4,514883
tt8228288,movie,The Platform,94,"Horror,Sci-Fi,Thriller",2019,7.0,244646
tt8367814,movie,The Gentlemen,113,"Action,Comedy,Crime",2019,7.8,359914
tt1302006,movie,The Irishman,209,"Biography,Crime,Drama",2019,7.8,403193
tt3281548,movie,Little Women,135,"Drama,Romance",2019,7.8,218707
tt8579674,movie,1917,119,"Action,Drama,War",2019,8.2,619741
tt7984734,movie,The Lighthouse,109,"Drama,Fantasy,Mystery",2019,7.4,230795
tt7975244,movie,Jumanji: The Next Level,123,"Action,Adventure,Comedy",2019,6.7,263077
tt1979376,movie,Toy Story 4,100,"Adventure,Animation,Comedy",2019,7.7,261576
tt4154664,movie,Captain Marvel,123,"Action,Adventure,Sci-Fi",2019,6.8,578566
tt4154796,movie,Avengers: Endgame,181,"Action,Adventure,Drama",2019,8.4,1177697
tt1950186,movie,Ford v Ferrari,152,"Action,Biography,Drama",2019,8.1,417442
tt8946378,movie,Knives Out,130,"Comedy,Crime,Drama",2019,7.9,726337
tt5606664,movie,Doctor Sleep,152,"Drama,Fantasy,Horror",2019,7.3,201553
tt6823368,movie,Glass,129,"Drama,Horror,Sci-Fi",2019,6.6,253124
tt9243946,movie,El Camino: A Breaking Bad Movie,122,"Action,Crime,Drama",2019,7.3,266650
tt7131622,movie,Once Upon a Time in Hollywood,161,"Comedy,Drama",2019,7.6,776664
tt2527338,movie,Star Wars: Episode IX - The Rise of Skywalker,141,"Action,Adventure,Fantasy",2019,6.5,467016
tt7349950,movie,It Chapter Two,169,"Drama,Fantasy,Horror",2019,6.5,279634
tt2584384,movie,Jojo Rabbit,108,"Comedy,Drama,War",2019,7.9,409576
tt7286456,movie,Joker,122,"Crime,Drama,Thriller",2019,8.4,1351673
tt6857112,movie,Us,116,"Horror,Mystery,Thriller",2019,6.8,314871
tt5727208,movie,Uncut Gems,135,"Crime,Drama,Thriller",2019,7.4,296444
tt8772262,movie,Midsommar,148,"Drama,Horror,Mystery",2019,7.1,350791
tt6806448,movie,Fast & Furious Presents: Hobbs & Shaw,137,"Action,Adventure,Thriller",2019,6.5,221657
tt0448115,movie,Shazam!,132,"Action,Adventure,Comedy",2019,7.0,362423
tt6105098,movie,The Lion King,118,"Adventure,Animation,Drama",2019,6.8,253522
tt3778644,movie,Solo: A Star Wars Story,135,"Action,Adventure,Sci-Fi",2018,6.9,360309
tt3606756,movie,Incredibles 2,118,"Action,Adventure,Animation",2018,7.6,309004
tt2704998,movie,Game Night,100,"Action,Adventure,Comedy",2018,6.9,244131
tt1270797,movie,Venom,112,"Action,Adventure,Sci-Fi",2018,6.6,504551
tt2798920,movie,Annihilation,115,"Adventure,Drama,Horror",2018,6.8,338891
tt2737304,movie,Bird Box,124,"Horror,Mystery,Sci-Fi",2018,6.6,358304
tt4633694,movie,Spider-Man: Into the Spider-Verse,117,"Action,Adventure,Animation",2018,8.4,562491
tt6644200,movie,A Quiet Place,90,"Drama,Horror,Sci-Fi",2018,7.5,548801
tt7784604,movie,Hereditary,127,"Drama,Horror,Mystery",2018,7.3,340837
tt1477834,movie,Aquaman,143,"Action,Adventure,Fantasy",2018,6.8,490590
tt1825683,movie,Black Panther,134,"Action,Adventure,Sci-Fi",2018,7.3,801127
tt4154756,movie,Avengers: Infinity War,149,"Action,Adventure,Sci-Fi",2018,8.4,1121224
tt5463162,movie,Deadpool 2,119,"Action,Adventure,Comedy",2018,7.6,604270
tt1677720,movie,Ready Player One,140,"Action,Adventure,Sci-Fi",2018,7.4,453379
tt6966692,movie,Green Book,130,"Biography,Comedy,Drama",2018,8.2,518119
tt1517451,movie,A Star Is Born,136,"Drama,Music,Romance",2018,7.6,397248
tt5083738,movie,The Favourite,119,"Biography,Comedy,Drama",2018,7.5,208015
tt4912910,movie,Mission: Impossible - Fallout,147,"Action,Adventure,Thriller",2018,7.7,344450
tt4881806,movie,Jurassic World: Fallen Kingdom,128,"Action,Adventure,Sci-Fi",2018,6.1,327009
tt5095030,movie,Ant-Man and the Wasp,118,"Action,Adventure,Comedy",2018,7.0,424129
tt5164214,movie,Ocean's Eight,110,"Action,Comedy,Crime",2018,6.3,228978
tt1727824,movie,Bohemian Rhapsody,134,"Biography,Drama,Music",2018,7.9,555426
tt7349662,movie,BlacKkKlansman,135,"Biography,Comedy,Crime",2018,7.5,273567
tt4123430,movie,Fantastic Beasts: The Crimes of Grindelwald,134,"Adventure,Family,Fantasy",2018,6.5,293323
tt0451279,movie,Wonder Woman,141,"Action,Adventure,Fantasy",2017,7.4,673789
tt5109784,movie,Mother!,121,"Drama,Horror,Mystery",2017,6.6,235608
tt2771200,movie,Beauty and the Beast,129,"Adventure,Family,Fantasy",2017,7.1,318653
tt1790809,movie,Pirates of the Caribbean: Dead Men Tell No Tales,129,"Action,Adventure,Fantasy",2017,6.5,324089
tt2250912,movie,Spider-Man: Homecoming,133,"Action,Adventure,Sci-Fi",2017,7.4,678991
tt4925292,movie,Lady Bird,94,"Comedy,Drama",2017,7.4,303809
tt5052448,movie,Get Out,104,"Horror,Mystery,Thriller",2017,7.7,639784
tt2283362,movie,Jumanji: Welcome to the Jungle,119,"Action,Adventure,Comedy",2017,6.9,396345
tt5013056,movie,Dunkirk,106,"Action,Drama,History",2017,7.8,681456
tt5027774,movie,"Three Billboards Outside Ebbing, Missouri",115,"Comedy,Crime,Drama",2017,8.1,525424
tt5580036,movie,"I, Tonya",119,"Biography,Comedy,Drama",2017,7.5,226965
tt5580390,movie,The Shape of Water,123,"Drama,Fantasy,Romance",2017,7.3,431825
tt1219827,movie,Ghost in the Shell,107,"Action,Crime,Drama",2017,6.3,220462
tt5726616,movie,Call Me by Your Name,132,"Drama,Romance",2017,7.8,287919
tt2380307,movie,Coco,105,"Adventure,Animation,Comedy",2017,8.4,532844
tt3890160,movie,Baby Driver,113,"Action,Crime,Drama",2017,7.6,565675
tt3731562,movie,Kong: Skull Island,118,"Action,Adventure,Fantasy",2017,6.6,329609
tt3896198,movie,Guardians of the Galaxy Vol. 2,136,"Action,Adventure,Comedy",2017,7.6,711913
tt2316204,movie,Alien: Covenant,122,"Horror,Sci-Fi,Thriller",2017,6.4,289495
tt5362988,movie,Wind River,107,"Crime,Drama,Mystery",2017,7.7,262314
tt2527336,movie,Star Wars: Episode VIII - The Last Jedi,152,"Action,Adventure,Fantasy",2017,6.9,647217
tt5442430,movie,Life,104,"Horror,Sci-Fi,Thriller",2017,6.6,239527
tt1856101,movie,Blade Runner 2049,164,"Action,Drama,Mystery",2017,8.0,602623
tt0974015,movie,Justice League,120,"Action,Adventure,Fantasy",2017,6.1,462718
tt4555426,movie,Darkest Hour,125,"Biography,Drama,War",2017,7.4,209227
tt4425200,movie,John Wick: Chapter 2,122,"Action,Crime,Thriller",2017,7.4,474863
tt3315342,movie,Logan,137,"Action,Drama,Sci-Fi",2017,8.1,786450
tt3450958,movie,War for the Planet of the Apes,140,"Action,Adventure,Drama",2017,7.4,266358
tt1972591,movie,King Arthur: Legend of the Sword,126,"Action,Adventure,Drama",2017,6.7,223432
tt1485796,movie,The Greatest Showman,105,"Biography,Drama,Musical",2017,7.5,292525
tt3501632,movie,Thor: Ragnarok,130,"Action,Adventure,Comedy",2017,7.9,774928
tt1396484,movie,It,135,Horror,2017,7.3,568759
tt4649466,movie,Kingsman: The Golden Circle,141,"Action,Adventure,Comedy",2017,6.7,342786
tt1959563,movie,The Hitman's Bodyguard,118,"Action,Comedy,Crime",2017,6.9,238002
tt3402236,movie,Murder on the Orient Express,114,"Crime,Drama,Mystery",2017,6.5,268452
tt4630562,movie,The Fate of the Furious,136,"Action,Crime,Thriller",2017,6.6,240587
tt1355644,movie,Passengers,116,"Drama,Romance,Sci-Fi",2016,7.0,420967
tt1431045,movie,Deadpool,108,"Action,Comedy",2016,8.0,1066465
tt2140479,movie,The Accountant,128,"Action,Thriller",2016,7.3,304814
tt2277860,movie,Finding Dory,97,"Adventure,Animation,Comedy",2016,7.3,286372
tt1289401,movie,Ghostbusters,117,"Action,Comedy,Fantasy",2016,6.8,236789
tt2005151,movie,War Dogs,114,"Biography,Comedy,Crime",2016,7.1,231858
tt2119532,movie,Hacksaw Ridge,139,"Biography,Drama,History",2016,8.1,548717
tt1386697,movie,Suicide Squad,123,"Action,Adventure,Fantasy",2016,5.9,698767
tt2094766,movie,Assassin's Creed,115,"Action,Adventure,Sci-Fi",2016,5.6,203003
tt1700841,movie,Sausage Party,89,"Adventure,Animation,Comedy",2016,6.1,200734
tt3110958,movie,Now You See Me 2,129,"Action,Adventure,Comedy",2016,6.4,302794
tt3065204,movie,The Conjuring 2,134,"Horror,Mystery,Thriller",2016,7.3,281401
tt3040964,movie,The Jungle Book,106,"Adventure,Drama,Family",2016,7.4,283311
tt3799694,movie,The Nice Guys,116,"Action,Comedy,Crime",2016,7.3,341991
tt3783958,movie,La La Land,128,"Comedy,Drama,Music",2016,8.0,614469
tt3183660,movie,Fantastic Beasts and Where to Find Them,132,"Adventure,Family,Fantasy",2016,7.2,487940
tt5311514,movie,Your Name.,106,"Animation,Drama,Fantasy",2016,8.4,285973
tt4160708,movie,Don't Breathe,88,"Crime,Horror,Thriller",2016,7.1,285401
tt2975590,movie,Batman v Superman: Dawn of Justice,151,"Action,Adventure,Sci-Fi",2016,6.4,711739
tt4196776,movie,Jason Bourne,123,"Action,Thriller",2016,6.6,233479
tt2948356,movie,Zootopia,108,"Adventure,Animation,Comedy",2016,8.0,515657
tt4550098,movie,Nocturnal Animals,116,"Drama,Thriller",2016,7.5,289153
tt3521164,movie,Moana,107,"Adventure,Animation,Comedy",2016,7.6,350977
tt4846340,movie,Hidden Figures,127,"Biography,Drama,History",2016,7.8,240349
tt3498820,movie,Captain America: Civil War,147,"Action,Sci-Fi",2016,7.8,810640
tt3553976,movie,Captain Fantastic,118,"Comedy,Drama",2016,7.8,225156
tt4972582,movie,Split,117,"Horror,Thriller",2016,7.3,517064
tt4975722,movie,Moonlight,111,Drama,2016,7.4,317893
tt3748528,movie,Rogue One: A Star Wars Story,133,"Action,Adventure,Sci-Fi",2016,7.8,657118
tt3263904,movie,Sully,96,"Biography,Drama",2016,7.4,282590
tt3741834,movie,Lion,118,"Biography,Drama",2016,8.0,242463
tt3385516,movie,X-Men: Apocalypse,144,"Action,Adventure,Sci-Fi",2016,6.9,445482
tt2582782,movie,Hell or High Water,102,"Crime,Drama,Thriller",2016,7.6,238768
tt2404435,movie,The Magnificent Seven,132,"Action,Adventure,Drama",2016,6.8,218930
tt1179933,movie,10 Cloverfield Lane,103,"Drama,Horror,Mystery",2016,7.2,339505
tt2543164,movie,Arrival,116,"Drama,Mystery,Sci-Fi",2016,7.9,717993
tt4034228,movie,Manchester by the Sea,137,Drama,2016,7.8,293315
tt1211837,movie,Doctor Strange,115,"Action,Adventure,Fantasy",2016,7.5,764697
tt2709768,movie,The Secret Life of Pets,87,"Adventure,Animation,Comedy",2016,6.5,208290
tt0803096,movie,Warcraft,123,"Action,Adventure,Fantasy",2016,6.7,270163
tt2674426,movie,Me Before You,106,"Drama,Romance",2016,7.4,266096
tt5700672,movie,Train to Busan,118,"Action,Horror,Thriller",2016,7.6,234198
tt2660888,movie,Star Trek Beyond,122,"Action,Adventure,Sci-Fi",2016,7.0,251590
tt1392190,movie,Mad Max: Fury Road,120,"Action,Adventure,Sci-Fi",2015,8.1,1028910
tt4263482,movie,The Witch,92,"Drama,Fantasy,Horror",2015,6.9,276360
tt1951266,movie,The Hunger Games: Mockingjay - Part 2,137,"Action,Adventure,Sci-Fi",2015,6.5,342668
tt0369610,movie,Jurassic World,124,"Action,Adventure,Sci-Fi",2015,6.9,656441
tt4046784,movie,Maze Runner: The Scorch Trials,131,"Action,Adventure,Sci-Fi",2015,6.3,260586
tt1398426,movie,Straight Outta Compton,147,"Biography,Drama,History",2015,7.8,208892
tt1895587,movie,Spotlight,129,"Biography,Crime,Drama",2015,8.1,481763
tt1663202,movie,The Revenant,156,"Action,Adventure,Drama",2015,8.0,827007
tt1638355,movie,The Man from U.N.C.L.E.,116,"Action,Adventure,Comedy",2015,7.2,319508
tt1596363,movie,The Big Short,130,"Biography,Comedy,Drama",2015,7.8,446312
tt1798684,movie,Southpaw,124,"Action,Crime,Drama",2015,7.3,246754
tt1823672,movie,Chappie,120,"Action,Crime,Drama",2015,6.8,259302
tt1340138,movie,Terminator Genisys,126,"Action,Adventure,Sci-Fi",2015,6.3,284215
tt3079380,movie,Spy,120,"Action,Comedy",2015,7.0,250093
tt3076658,movie,Creed,133,"Action,Drama,Sport",2015,7.6,296284
tt2126355,movie,San Andreas,114,"Action,Adventure,Thriller",2015,6.1,245707
tt2096673,movie,Inside Out,95,"Adventure,Animation,Comedy",2015,8.1,735309
tt2293640,movie,Minions,91,"Adventure,Animation,Comedy",2015,6.4,246813
tt2719848,movie,Everest,121,"Action,Adventure,Biography",2015,7.1,223761
tt3659388,movie,The Martian,144,"Adventure,Drama,Sci-Fi",2015,8.0,878363
tt2820852,movie,Furious 7,137,"Action,Crime,Thriller",2015,7.1,399518
tt2908446,movie,The Divergent Series: Insurgent,119,"Action,Adventure,Sci-Fi",2015,6.2,245070
tt0478970,movie,Ant-Man,117,"Action,Comedy,Sci-Fi",2015,7.3,692064
tt2488496,movie,Star Wars: Episode VII - The Force Awakens,138,"Action,Adventure,Sci-Fi",2015,7.8,946702
tt3464902,movie,The Lobster,119,"Drama,Romance,Sci-Fi",2015,7.1,269403
tt2381249,movie,Mission: Impossible - Rogue Nation,131,"Action,Adventure,Thriller",2015,7.4,383534
tt2381941,movie,Focus,105,"Comedy,Crime,Drama",2015,6.6,258759
tt3460252,movie,The Hateful Eight,168,"Crime,Drama,Mystery",2015,7.8,622773
tt2379713,movie,Spectre,148,"Action,Adventure,Thriller",2015,6.8,450561
tt3170832,movie,Room,118,"Drama,Thriller",2015,8.1,431349
tt2395427,movie,Avengers: Age of Ultron,141,"Action,Adventure,Sci-Fi",2015,7.3,884644
tt2361509,movie,The Intern,121,"Comedy,Drama",2015,7.1,260380
tt2637276,movie,Ted 2,115,Comedy,2015,6.3,218809
tt3682448,movie,Bridge of Spies,142,"Drama,History,Thriller",2015,7.6,318182
tt2322441,movie,Fifty Shades of Grey,125,"Drama,Romance,Thriller",2015,4.2,325990
tt3397884,movie,Sicario,121,"Action,Crime,Drama",2015,7.6,445649
tt2179136,movie,American Sniper,133,"Action,Biography,Drama",2014,7.3,502574
tt3235888,movie,It Follows,100,"Horror,Mystery,Thriller",2014,6.8,252481
tt1065073,movie,Boyhood,165,Drama,2014,7.9,359917
tt2310332,movie,The Hobbit: The Battle of the Five Armies,144,"Adventure,Fantasy",2014,7.4,547219
tt1646971,movie,How to Train Your Dragon 2,102,"Action,Adventure,Animation",2014,7.8,347174
tt1253863,movie,300: Rise of an Empire,102,"Action,Drama",2014,6.2,307650
tt0455944,movie,The Equalizer,132,"Action,Crime,Thriller",2014,7.2,384152
tt2562232,movie,Birdman or (The Unexpected Virtue of Ignorance),119,"Comedy,Drama",2014,7.7,645045
tt2582802,movie,Whiplash,106,"Drama,Music",2014,8.5,902747
tt2582846,movie,The Fault in Our Stars,126,"Drama,Romance",2014,7.7,386840
tt2278388,movie,The Grand Budapest Hotel,99,"Adventure,Comedy,Crime",2014,8.1,837453
tt2713180,movie,Fury,134,"Action,Drama,War",2014,7.5,511617
tt2294449,movie,22 Jump Street,112,"Action,Comedy,Crime",2014,7.0,388795
tt0470752,movie,Ex Machina,108,"Drama,Sci-Fi,Thriller",2014,7.7,561246
tt2397535,movie,Predestination,97,"Action,Drama,Sci-Fi",2014,7.4,290941
tt1587310,movie,Maleficent,97,"Adventure,Family,Fantasy",2014,6.9,385731
tt2321549,movie,The Babadook,94,"Horror,Mystery",2014,6.8,233529
tt1234721,movie,RoboCop,117,"Action,Crime,Sci-Fi",2014,6.1,233366
tt1631867,movie,Edge of Tomorrow,113,"Action,Adventure,Sci-Fi",2014,7.9,698491
tt1291150,movie,Teenage Mutant Ninja Turtles,101,"Action,Adventure,Comedy",2014,5.8,214453
tt2980516,movie,The Theory of Everything,123,"Biography,Drama,Romance",2014,7.7,463348
tt3011894,movie,Wild Tales,122,"Comedy,Drama,Thriller",2014,8.1,205028
tt2209764,movie,Transcendence,119,"Action,Drama,Sci-Fi",2014,6.2,233253
tt0816692,movie,Interstellar,169,"Adventure,Drama,Sci-Fi",2014,8.7,1906749
tt2802144,movie,Kingsman: The Secret Service,129,"Action,Adventure,Comedy",2014,7.7,685552
tt2788710,movie,The Interview,112,"Action,Adventure,Comedy",2014,6.5,341127
tt2267998,movie,Gone Girl,149,"Drama,Mystery,Thriller",2014,8.1,1007625
tt0831387,movie,Godzilla,123,"Action,Adventure,Sci-Fi",2014,6.4,422655
tt2883512,movie,Chef,114,"Adventure,Comedy,Drama",2014,7.3,222444
tt2872718,movie,Nightcrawler,117,"Crime,Drama,Thriller",2014,7.8,568859
tt0829150,movie,Dracula Untold,92,"Action,Drama,Fantasy",2014,6.2,201038
tt2872732,movie,Lucy,89,"Action,Sci-Fi,Thriller",2014,6.4,511412
tt2245084,movie,Big Hero 6,102,"Action,Adventure,Animation",2014,7.8,475958
tt2911666,movie,John Wick,101,"Action,Crime,Thriller",2014,7.4,691601
tt1790864,movie,The Maze Runner,113,"Action,Mystery,Sci-Fi",2014,6.8,483117
tt1959490,movie,Noah,138,"Action,Adventure,Drama",2014,5.8,260535
tt1951265,movie,The Hunger Games: Mockingjay - Part 1,123,"Action,Adventure,Sci-Fi",2014,6.6,471232
tt2084970,movie,The Imitation Game,114,"Biography,Drama,Thriller",2014,8.0,788307
tt2015381,movie,Guardians of the Galaxy,121,"Action,Adventure,Comedy",2014,8.0,1214318
tt2004420,movie,Neighbors,97,Comedy,2014,6.3,318745
tt2024469,movie,Non-Stop,106,"Action,Mystery,Thriller",2014,6.9,269478
tt1840309,movie,Divergent,139,"Action,Adventure,Mystery",2014,6.6,471302
tt1490017,movie,The Lego Movie,100,"Action,Adventure,Animation",2014,7.7,368560
tt2103281,movie,Dawn of the Planet of the Apes,130,"Action,Adventure,Drama",2014,7.6,451366
tt1872181,movie,The Amazing Spider-Man 2,142,"Action,Adventure,Sci-Fi",2014,6.6,512096
tt1877832,movie,X-Men: Days of Future Past,132,"Action,Adventure,Sci-Fi",2014,7.9,724577
tt1843866,movie,Captain America: The Winter Soldier,136,"Action,Adventure,Sci-Fi",2014,7.8,865783
tt2109248,movie,Transformers: Age of Extinction,165,"Action,Adventure,Sci-Fi",2014,5.6,320624
tt1321870,movie,Gangster Squad,113,"Action,Crime,Drama",2013,6.7,218814
tt0359950,movie,The Secret Life of Walter Mitty,114,"Adventure,Comedy,Drama",2013,7.3,326299
tt0770828,movie,Man of Steel,143,"Action,Adventure,Sci-Fi",2013,7.1,785636
tt0790636,movie,Dallas Buyers Club,117,"Biography,Drama",2013,7.9,500021
tt1091191,movie,Lone Survivor,121,"Action,Biography,Drama",2013,7.5,295141
tt1606378,movie,A Good Day to Die Hard,98,"Action,Thriller",2013,5.2,210733
tt1210819,movie,The Lone Ranger,150,"Action,Adventure,Western",2013,6.4,239090
tt1300854,movie,Iron Man 3,130,"Action,Adventure,Sci-Fi",2013,7.1,868644
tt1343092,movie,The Great Gatsby,143,"Drama,Romance",2013,7.2,564858
tt1392214,movie,Prisoners,153,"Crime,Drama,Mystery",2013,8.1,744600
tt0993846,movie,The Wolf of Wall Street,180,"Biography,Comedy,Crime",2013,8.2,1460743
tt1213663,movie,The World's End,109,"Action,Comedy,Sci-Fi",2013,6.9,288775
tt1211956,movie,Escape Plan,115,"Action,Thriller",2013,6.7,249475
tt0816711,movie,World War Z,116,"Action,Adventure,Horror",2013,7.0,686899
tt1428538,movie,Hansel & Gretel: Witch Hunters,88,"Action,Fantasy,Horror",2013,6.1,211112
tt1454468,movie,Gravity,91,"Drama,Sci-Fi,Thriller",2013,7.7,840213
tt1170358,movie,The Hobbit: The Desolation of Smaug,161,Fantasy,2013,7.8,678435
tt1408101,movie,Star Trek Into Darkness,132,"Action,Adventure,Sci-Fi",2013,7.7,489096
tt1457767,movie,The Conjuring,112,"Horror,Mystery,Thriller",2013,7.5,524344
tt1245492,movie,This Is the End,107,"Comedy,Fantasy",2013,6.6,422132
tt1535109,movie,Captain Phillips,134,"Action,Biography,Crime",2013,7.8,472814
tt1535108,movie,Elysium,109,"Action,Drama,Sci-Fi",2013,6.6,457255
tt1272878,movie,2 Guns,109,"Action,Thriller",2013,6.7,218489
tt0481499,movie,The Croods,98,"Action,Adventure,Animation",2013,7.2,222466
tt1430132,movie,The Wolverine,126,"Action,Sci-Fi",2013,6.7,477293
tt1483013,movie,Oblivion,124,"Action,Adventure,Sci-Fi",2013,7.0,537139
tt1453405,movie,Monsters University,104,"Adventure,Animation,Comedy",2013,7.2,370943
tt1588173,movie,Warm Bodies,98,"Comedy,Horror,Romance",2013,6.8,236032
tt1731141,movie,Ender's Game,114,"Action,Adventure,Sci-Fi",2013,6.6,246376
tt1980209,movie,Pain & Gain,129,"Action,Comedy,Crime",2013,6.4,222415
tt1981115,movie,Thor: The Dark World,112,"Action,Adventure,Fantasy",2013,6.8,699018
tt1979320,movie,Rush,123,"Action,Biography,Drama",2013,8.1,490669
tt1723121,movie,We're the Millers,110,"Comedy,Crime",2013,7.0,463125
tt2234155,movie,The Internship,119,Comedy,2013,6.3,209120
tt2294629,movie,Frozen,102,"Adventure,Animation,Comedy",2013,7.4,638918
tt1815862,movie,After Earth,100,"Action,Adventure,Sci-Fi",2013,4.8,204942
tt2316411,movie,Enemy,91,"Drama,Mystery,Thriller",2013,6.9,201739
tt2302755,movie,Olympus Has Fallen,119,"Action,Thriller",2013,6.5,283246
tt2024544,movie,12 Years a Slave,134,"Biography,Drama,History",2013,8.1,715197
tt2334873,movie,Blue Jasmine,98,"Comedy,Drama",2013,7.3,207679
tt2334879,movie,White House Down,131,"Action,Drama,Thriller",2013,6.3,228311
tt1798709,movie,Her,126,"Drama,Romance,Sci-Fi",2013,8.0,635220
tt1800241,movie,American Hustle,138,"Crime,Drama",2013,7.2,488458
tt1650554,movie,Kick-Ass 2,103,"Action,Comedy,Crime",2013,6.5,279620
tt2194499,movie,About Time,123,"Comedy,Drama,Fantasy",2013,7.8,364036
tt2184339,movie,The Purge,85,"Horror,Sci-Fi,Thriller",2013,5.7,230394
tt1905041,movie,Fast & Furious 6,130,"Action,Adventure,Crime",2013,7.0,403198
tt1670345,movie,Now You See Me,115,"Crime,Mystery,Thriller",2013,7.2,677867
tt1663662,movie,Pacific Rim,131,"Action,Adventure,Sci-Fi",2013,6.9,512801
tt1623205,movie,Oz the Great and Powerful,130,"Adventure,Family,Fantasy",2013,6.3,210958
tt1951261,movie,The Hangover Part III,100,"Comedy,Crime",2013,5.8,323191
tt1951264,movie,The Hunger Games: Catching Fire,146,"Action,Adventure,Sci-Fi",2013,7.5,683160
tt1706620,movie,Snowpiercer,126,"Action,Drama,Sci-Fi",2013,7.1,371536
tt2229499,movie,Don Jon,90,"Comedy,Drama,Romance",2013,6.5,242960
tt1690953,movie,Despicable Me 2,98,"Adventure,Animation,Comedy",2013,7.3,410047
tt1232829,movie,21 Jump Street,109,"Action,Comedy,Crime",2012,7.2,574398
tt1392170,movie,The Hunger Games,142,"Action,Adventure,Sci-Fi",2012,7.2,947153
tt1397280,movie,Taken 2,92,"Action,Crime,Thriller",2012,6.2,313555
tt1409024,movie,Men in Black 3,106,"Action,Adventure,Comedy",2012,6.8,372665
tt1217209,movie,Brave,93,"Adventure,Animation,Comedy",2012,7.1,423209
tt1212450,movie,Lawless,116,"Biography,Crime,Drama",2012,7.2,246892
tt1981677,movie,Pitch Perfect,112,"Comedy,Music,Romance",2012,7.1,316513
tt2106476,movie,The Hunt,115,Drama,2012,8.3,340959
tt1343727,movie,Dredd,95,"Action,Crime,Sci-Fi",2012,7.1,282399
tt0454876,movie,Life of Pi,127,"Adventure,Drama,Fantasy",2012,7.9,644870
tt1386703,movie,Total Recall,118,"Action,Adventure,Sci-Fi",2012,6.2,259633
tt0401729,movie,John Carter,132,"Action,Adventure,Sci-Fi",2012,6.6,278665
tt1345836,movie,The Dark Knight Rises,164,"Action,Drama,Thriller",2012,8.4,1739855
tt1276104,movie,Looper,119,"Action,Drama,Sci-Fi",2012,7.4,586613
tt0443272,movie,Lincoln,150,"Biography,Drama,History",2012,7.3,265523
tt1637725,movie,Ted,106,Comedy,2012,6.9,629294
tt1790885,movie,Zero Dark Thirty,157,"Drama,History,Thriller",2012,7.4,308942
tt1636826,movie,Project X,88,Comedy,2012,6.6,219526
tt0837562,movie,Hotel Transylvania,91,"Adventure,Animation,Comedy",2012,7.0,265455
tt1645170,movie,The Dictator,83,Comedy,2012,6.4,318276
tt1772341,movie,Wreck-It Ralph,101,"Adventure,Animation,Comedy",2012,7.7,436275
tt1817273,movie,The Place Beyond the Pines,140,"Crime,Drama,Thriller",2012,7.3,276958
tt0790724,movie,Jack Reacher,130,"Action,Mystery,Thriller",2012,7.0,349633
tt1764651,movie,The Expendables 2,103,"Action,Adventure,Thriller",2012,6.6,313071
tt1707386,movie,Les Misérables,158,"Drama,Musical,Romance",2012,7.5,336268
tt1706593,movie,Chronicle,89,"Action,Drama,Sci-Fi",2012,7.0,256582
tt1074638,movie,Skyfall,143,"Action,Adventure,Thriller",2012,7.8,709284
tt1659337,movie,The Perks of Being a Wallflower,103,Drama,2012,7.9,525923
tt0948470,movie,The Amazing Spider-Man,136,"Action,Adventure,Sci-Fi",2012,6.9,671723
tt1667889,movie,Ice Age: Continental Drift,88,"Adventure,Animation,Comedy",2012,6.5,215742
tt1673434,movie,The Twilight Saga: Breaking Dawn - Part 2,115,"Adventure,Drama,Fantasy",2012,5.5,254379
tt1045658,movie,Silver Linings Playbook,122,"Comedy,Drama,Romance",2012,7.7,721122
tt1748122,movie,Moonrise Kingdom,94,"Comedy,Drama,Family",2012,7.8,356786
tt0848228,movie,The Avengers,143,"Action,Sci-Fi",2012,8.0,1414795
tt1649419,movie,The Impossible,114,"Adventure,Drama,History",2012,7.5,230599
tt1077368,movie,Dark Shadows,113,"Comedy,Fantasy,Horror",2012,6.2,272903
tt0903624,movie,The Hobbit: An Unexpected Journey,169,"Adventure,Fantasy",2012,7.8,843483
tt1735898,movie,Snow White and the Huntsman,127,"Action,Adventure,Drama",2012,6.1,294896
tt1440129,movie,Battleship,131,"Action,Adventure,Sci-Fi",2012,5.8,252120
tt1907668,movie,Flight,138,"Drama,Thriller",2012,7.3,363359
tt1446714,movie,Prometheus,124,"Adventure,Mystery,Sci-Fi",2012,7.0,621338
tt1931533,movie,Seven Psychopaths,110,"Comedy,Crime",2012,7.1,265805
tt1922777,movie,Sinister,110,"Horror,Mystery,Thriller",2012,6.8,263120
tt1194173,movie,The Bourne Legacy,135,"Action,Adventure,Thriller",2012,6.6,308424
tt1853728,movie,Django Unchained,165,"Drama,Western",2012,8.4,1597447
tt1855199,movie,End of Watch,109,"Action,Adventure,Crime",2012,7.6,256498
tt1024648,movie,Argo,120,"Biography,Drama,Thriller",2012,7.7,624508
tt1599348,movie,Safe House,115,"Action,Thriller",2012,6.7,228052
tt1605630,movie,American Reunion,113,Comedy,2012,6.7,218748
tt0433035,movie,Real Steel,127,"Action,Drama,Sci-Fi",2011,7.0,340058
tt1298650,movie,Pirates of the Caribbean: On Stranger Tides,137,"Action,Adventure,Fantasy",2011,6.6,541006
tt1318514,movie,Rise of the Planet of the Apes,105,"Action,Drama,Sci-Fi",2011,7.6,539912
tt1033575,movie,The Descendants,115,"Comedy,Drama",2011,7.3,245435
tt1306980,movie,50/50,100,"Comedy,Drama,Romance",2011,7.6,335885
tt1302011,movie,Kung Fu Panda 2,90,"Action,Adventure,Animation",2011,7.2,298103
tt0458339,movie,Captain America: The First Avenger,124,"Action,Adventure,Sci-Fi",2011,6.9,863871
tt0780504,movie,Drive,100,"Action,Drama",2011,7.8,663567
tt1133985,movie,Green Lantern,114,"Action,Adventure,Sci-Fi",2011,5.5,289770
tt1259521,movie,The Cabin in the Woods,95,"Horror,Mystery,Thriller",2011,7.0,430621
tt1216475,movie,Cars 2,106,"Adventure,Animation,Comedy",2011,6.2,200632
tt1192628,movie,Rango,107,"Action,Adventure,Animation",2011,7.2,277849
tt1219289,movie,Limitless,105,"Sci-Fi,Thriller",2011,7.4,588614
tt1189340,movie,The Lincoln Lawyer,118,"Crime,Drama,Mystery",2011,7.3,244255
tt1201607,movie,Harry Potter and the Deathly Hallows: Part 2,130,"Adventure,Family,Fantasy",2011,8.1,899465
tt1210166,movie,Moneyball,133,"Biography,Drama,Sport",2011,7.6,438975
tt1229238,movie,Mission: Impossible - Ghost Protocol,132,"Action,Adventure,Thriller",2011,7.4,501058
tt1284575,movie,Bad Teacher,92,"Comedy,Romance",2011,5.6,207150
tt0945513,movie,Source Code,93,"Action,Drama,Mystery",2011,7.5,530619
tt0993842,movie,Hanna,111,"Action,Adventure,Drama",2011,6.8,202409
tt0978764,movie,Sucker Punch,110,"Action,Adventure,Fantasy",2011,6.0,246514
tt0983193,movie,The Adventures of Tintin,107,"Action,Adventure,Animation",2011,7.3,236414
tt0970179,movie,Hugo,126,"Adventure,Drama,Family",2011,7.5,328570
tt1291584,movie,Warrior,140,"Action,Drama,Sport",2011,8.2,481485
tt1124035,movie,The Ides of March,101,"Drama,Thriller",2011,7.1,226168
tt1270798,movie,X-Men: First Class,131,"Action,Sci-Fi",2011,7.7,704395
tt0800369,movie,Thor,115,"Action,Fantasy",2011,7.0,867301
tt1092026,movie,Paul,104,"Adventure,Comedy,Sci-Fi",2011,6.9,258867
tt1401152,movie,Unknown,113,"Action,Mystery,Thriller",2011,6.8,265190
tt1399103,movie,Transformers: Dark of the Moon,154,"Action,Adventure,Sci-Fi",2011,6.2,417682
tt1564367,movie,Just Go with It,117,"Comedy,Romance",2011,6.4,253085
tt1675434,movie,The Intouchables,112,"Biography,Comedy,Drama",2011,8.5,880635
tt1568346,movie,The Girl with the Dragon Tattoo,158,"Crime,Drama,Mystery",2011,7.8,473925
tt1454029,movie,The Help,146,Drama,2011,8.1,471990
tt1385826,movie,The Adjustment Bureau,106,"Romance,Sci-Fi,Thriller",2011,7.0,262474
tt1436562,movie,Rio,96,"Adventure,Animation,Comedy",2011,6.9,236592
tt1899353,movie,The Raid: Redemption,101,"Action,Crime,Thriller",2011,7.6,209970
tt1515091,movie,Sherlock Holmes: A Game of Shadows,129,"Action,Adventure,Mystery",2011,7.4,465616
tt1723811,movie,Shame,101,Drama,2011,7.2,200447
tt1411238,movie,No Strings Attached,108,"Comedy,Romance",2011,6.2,236544
tt1411697,movie,The Hangover Part II,102,Comedy,2011,6.5,513691
tt1637688,movie,In Time,109,"Action,Sci-Fi,Thriller",2011,6.7,422616
tt1340800,movie,Tinker Tailor Soldier Spy,127,"Drama,Mystery,Thriller",2011,7.0,206531
tt1478338,movie,Bridesmaids,125,"Comedy,Romance",2011,6.8,299006
tt1324999,movie,The Twilight Saga: Breaking Dawn - Part 1,117,"Adventure,Drama,Fantasy",2011,4.9,246063
tt1832382,movie,A Separation,123,Drama,2011,8.3,249310
tt1596343,movie,Fast Five,130,"Action,Crime,Thriller",2011,7.3,391116
tt1601913,movie,The Grey,117,"Action,Adventure,Drama",2011,6.7,257156
tt1598778,movie,Contagion,106,"Drama,Thriller",2011,6.8,308729
tt1632708,movie,Friends with Benefits,109,"Comedy,Romance",2011,6.5,379478
tt0409847,movie,Cowboys & Aliens,119,"Action,Drama,Sci-Fi",2011,6.0,225946
tt1605783,movie,Midnight in Paris,94,"Comedy,Fantasy,Romance",2011,7.7,434446
tt1655442,movie,The Artist,100,"Comedy,Drama,Romance",2011,7.9,244746
tt1570728,movie,"Crazy, Stupid, Love.",118,"Comedy,Drama,Romance",2011,7.4,533345
tt1464540,movie,I Am Number Four,111,"Action,Adventure,Sci-Fi",2011,6.1,241724
tt1499658,movie,Horrible Bosses,98,"Comedy,Crime",2011,6.9,457796
tt1650062,movie,Super 8,112,"Action,Mystery,Sci-Fi",2011,7.0,360643
tt0800320,movie,Clash of the Titans,106,"Action,Adventure,Fantasy",2010,5.8,286940
tt1130884,movie,Shutter Island,138,"Mystery,Thriller",2010,8.2,1358972
tt0840361,movie,The Town,125,"Crime,Drama,Thriller",2010,7.5,401149
tt1104001,movie,TRON: Legacy,125,"Action,Adventure,Sci-Fi",2010,6.8,345181
tt1504320,movie,The King's Speech,118,"Biography,Drama,History",2010,8.0,691516
tt1120985,movie,Blue Valentine,112,"Drama,Romance",2010,7.3,202916
tt1014759,movie,Alice in Wonderland,108,"Adventure,Family,Fantasy",2010,6.4,425105
tt1013743,movie,Knight and Day,109,"Action,Adventure,Comedy",2010,6.3,202302
tt1591095,movie,Insidious,103,"Horror,Mystery,Thriller",2010,6.8,318576
tt1037705,movie,The Book of Eli,118,"Action,Adventure,Drama",2010,6.8,326781
tt0955308,movie,Robin Hood,140,"Action,Adventure,Drama",2010,6.6,275115
tt0944835,movie,Salt,100,"Action,Thriller",2010,6.4,321235
tt0947798,movie,Black Swan,108,"Drama,Thriller",2010,8.0,787982
tt1542344,movie,127 Hours,94,"Biography,Drama",2010,7.5,386381
tt0892791,movie,Shrek Forever After,95,"Adventure,Animation,Comedy",2010,6.3,214426
tt0892769,movie,How to Train Your Dragon,98,"Action,Adventure,Animation",2010,8.1,760340
tt0926084,movie,Harry Potter and the Deathly Hallows: Part 1,146,"Adventure,Family,Fantasy",2010,7.7,567171
tt1001526,movie,Megamind,95,"Action,Animation,Comedy",2010,7.3,275627
tt0964517,movie,The Fighter,116,"Action,Biography,Drama",2010,7.8,376702
tt0985694,movie,Machete,105,"Action,Crime,Thriller",2010,6.6,200471
tt0435761,movie,Toy Story 3,103,"Adventure,Animation,Comedy",2010,8.3,854128
tt1228705,movie,Iron Man 2,124,"Action,Sci-Fi",2010,6.9,836101
tt1458175,movie,The Next Three Days,133,"Action,Crime,Drama",2010,7.3,200690
tt0473075,movie,Prince of Persia: The Sands of Time,116,"Action,Adventure,Fantasy",2010,6.6,295877
tt0446029,movie,Scott Pilgrim vs. the World,112,"Action,Comedy,Fantasy",2010,7.5,441266
tt0398286,movie,Tangled,100,"Adventure,Animation,Comedy",2010,7.7,468566
tt1424381,movie,Predators,107,"Action,Adventure,Fantasy",2010,6.4,236736
tt0477080,movie,Unstoppable,98,"Action,Thriller",2010,6.8,201905
tt1285016,movie,The Social Network,120,"Biography,Drama",2010,7.8,722469
tt1375670,movie,Grown Ups,102,Comedy,2010,5.9,260354
tt1375666,movie,Inception,148,"Action,Adventure,Sci-Fi",2010,8.8,2410181
tt1282140,movie,Easy A,92,"Comedy,Drama,Romance",2010,7.0,401464
tt1250777,movie,Kick-Ass,117,"Action,Comedy,Crime",2010,7.6,574842
tt1323594,movie,Despicable Me,95,"Adventure,Animation,Comedy",2010,7.6,560409
tt0758752,movie,Love & Other Drugs,112,"Comedy,Drama,Romance",2010,6.7,211125
tt1325004,movie,The Twilight Saga: Eclipse,124,"Action,Adventure,Drama",2010,5.0,251805
tt0429493,movie,The A-Team,117,"Action,Adventure,Thriller",2010,6.7,263401
tt1243957,movie,The Tourist,103,"Action,Thriller",2010,6.0,248933
tt1320253,movie,The Expendables,103,"Action,Adventure,Thriller",2010,6.4,352889
tt1403865,movie,True Grit,110,"Drama,Western",2010,7.6,346722
tt1231583,movie,Due Date,95,"Comedy,Drama",2010,6.5,350100
tt1245526,movie,RED,111,"Action,Comedy,Crime",2010,7.0,315411
tt1386588,movie,The Other Guys,107,"Action,Comedy,Crime",2010,6.6,277152
tt1259571,movie,The Twilight Saga: New Moon,130,"Adventure,Drama,Fantasy",2009,4.7,290543
tt1049413,movie,Up,96,"Adventure,Animation,Comedy",2009,8.3,1068154
tt1305806,movie,The Secret in Their Eyes,129,"Drama,Mystery,Romance",2009,8.2,213967
tt1046173,movie,G.I. Joe: The Rise of Cobra,118,"Action,Adventure,Sci-Fi",2009,5.7,211798
tt1041829,movie,The Proposal,108,"Comedy,Drama,Romance",2009,6.7,338735
tt1111422,movie,The Taking of Pelham 123,106,"Action,Crime,Thriller",2009,6.4,202126
tt1182345,movie,Moon,97,"Drama,Mystery,Sci-Fi",2009,7.8,366427
tt1187043,movie,3 Idiots,170,"Comedy,Drama",2009,8.4,410441
tt1142988,movie,The Ugly Truth,96,"Comedy,Romance",2009,6.4,224123
tt1127180,movie,Drag Me to Hell,99,Horror,2009,6.6,209777
tt1136608,movie,District 9,112,"Action,Sci-Fi,Thriller",2009,7.9,694486
tt1132620,movie,The Girl with the Dragon Tattoo,152,"Crime,Drama,Mystery",2009,7.8,219508
tt1156398,movie,Zombieland,88,"Action,Comedy,Horror",2009,7.6,594807
tt1119646,movie,The Hangover,100,Comedy,2009,7.7,807057
tt1155056,movie,"I Love You, Man",105,"Comedy,Romance",2009,7.0,211633
tt1148204,movie,Orphan,123,"Horror,Mystery,Thriller",2009,7.0,239061
tt1152836,movie,Public Enemies,140,"Action,Biography,Crime",2009,7.0,309553
tt1055369,movie,Transformers: Revenge of the Fallen,149,"Action,Adventure,Sci-Fi",2009,5.9,414514
tt1193138,movie,Up in the Air,109,"Comedy,Drama,Romance",2009,7.4,341854
tt1197624,movie,Law Abiding Citizen,109,"Action,Crime,Drama",2009,7.4,306250
tt1190080,movie,2012,158,"Action,Adventure,Sci-Fi",2009,5.8,385902
tt1078912,movie,Night at the Museum: Battle of the Smithsonian,105,"Adventure,Comedy,Family",2009,6.0,203819
tt1080016,movie,Ice Age: Dawn of the Dinosaurs,94,"Adventure,Animation,Comedy",2009,6.9,253103
tt0458525,movie,X-Men Origins: Wolverine,107,"Action,Sci-Fi",2009,6.5,515154
tt1022603,movie,500 Days of Summer,95,"Comedy,Drama,Romance",2009,7.7,530186
tt0988045,movie,Sherlock Holmes,128,"Action,Adventure,Mystery",2009,7.6,647777
tt0499549,movie,Avatar,162,"Action,Adventure,Fantasy",2009,7.9,1341311
tt0409459,movie,Watchmen,162,"Action,Drama,Mystery",2009,7.6,562490
tt0898367,movie,The Road,111,"Drama,Thriller",2009,7.2,245426
tt0808151,movie,Angels & Demons,138,"Action,Mystery,Thriller",2009,6.7,300503
tt0974661,movie,17 Again,102,"Comedy,Drama,Fantasy",2009,6.4,207660
tt0417741,movie,Harry Potter and the Half-Blood Prince,153,"Action,Adventure,Family",2009,7.6,563509
tt0796366,movie,Star Trek,127,"Action,Adventure,Sci-Fi",2009,7.9,610098
tt0438488,movie,Terminator Salvation,115,"Action,Adventure,Sci-Fi",2009,6.5,368763
tt0327597,movie,Coraline,100,"Animation,Drama,Family",2009,7.7,242460
tt0878804,movie,The Blind Side,129,"Biography,Drama,Sport",2009,7.6,344035
tt1013752,movie,Fast & Furious,107,"Action,Crime,Thriller",2009,6.5,296452
tt0485947,movie,Mr. Nobody,141,"Drama,Fantasy,Romance",2009,7.7,238786
tt0361748,movie,Inglourious Basterds,153,"Adventure,Drama,War",2009,8.3,1490080
tt0432283,movie,Fantastic Mr. Fox,87,"Adventure,Animation,Comedy",2009,7.9,245085
tt1028532,movie,Hachi: A Dog's Tale,93,"Biography,Drama,Family",2009,8.1,294543
tt0448011,movie,Knowing,121,"Action,Mystery,Sci-Fi",2009,6.2,240217
tt0844471,movie,Cloudy with a Chance of Meatballs,90,"Adventure,Animation,Comedy",2009,6.9,243469
tt0489099,movie,Jumper,88,"Action,Adventure,Sci-Fi",2008,6.1,313525
tt0452608,movie,Death Race,105,"Action,Sci-Fi,Thriller",2008,6.4,213495
tt0887883,movie,Burn After Reading,96,"Comedy,Crime,Drama",2008,7.0,340921
tt0887912,movie,The Hurt Locker,131,"Drama,Thriller,War",2008,7.5,460909
tt1099212,movie,Twilight,122,"Drama,Fantasy,Romance",2008,5.3,471198
tt0448157,movie,Hancock,92,"Action,Comedy,Drama",2008,6.4,494642
tt0397892,movie,Bolt,96,"Adventure,Animation,Comedy",2008,6.8,218607
tt0936501,movie,Taken,90,"Action,Crime,Thriller",2008,7.8,614285
tt0949731,movie,The Happening,91,"Adventure,Drama,Sci-Fi",2008,5.0,211680
tt0942385,movie,Tropic Thunder,107,"Action,Comedy,War",2008,7.1,428872
tt0914798,movie,The Boy in the Striped Pajamas,94,"Drama,War",2008,7.7,229464
tt0910970,movie,WALL·E,98,"Adventure,Animation,Family",2008,8.4,1141528
tt0910936,movie,Pineapple Express,111,"Action,Comedy,Crime",2008,6.9,347595
tt0421715,movie,The Curious Case of Benjamin Button,166,"Drama,Fantasy,Romance",2008,7.8,667466
tt0499448,movie,The Chronicles of Narnia: Prince Caspian,150,"Action,Adventure,Family",2008,6.5,216885
tt0800080,movie,The Incredible Hulk,112,"Action,Adventure,Sci-Fi",2008,6.6,504804
tt0800039,movie,Forgetting Sarah Marshall,111,"Comedy,Drama,Romance",2008,7.1,292577
tt0795421,movie,Mamma Mia!,108,"Comedy,Musical,Romance",2008,6.5,256209
tt0430922,movie,Role Models,99,Comedy,2008,6.8,235473
tt0780536,movie,In Bruges,107,"Comedy,Crime,Drama",2008,7.9,445014
tt1139797,movie,Let the Right One In,114,"Drama,Fantasy,Horror",2008,7.9,221354
tt0425061,movie,Get Smart,110,"Action,Adventure,Comedy",2008,6.5,222474
tt0758774,movie,Body of Lies,128,"Action,Drama,Thriller",2008,7.0,232883
tt0824747,movie,Changeling,141,"Biography,Crime,Drama",2008,7.8,259789
tt0838283,movie,Step Brothers,98,Comedy,2008,6.9,304871
tt0830515,movie,Quantum of Solace,106,"Action,Adventure,Mystery",2008,6.6,457557
tt0493464,movie,Wanted,110,"Action,Crime,Thriller",2008,6.7,397638
tt0497465,movie,Vicky Cristina Barcelona,96,"Comedy,Drama,Romance",2008,7.1,261211
tt1125849,movie,The Wrestler,109,"Drama,Sport",2008,7.9,312783
tt0411477,movie,Hellboy II: The Golden Army,120,"Action,Adventure,Fantasy",2008,7.0,278222
tt0441773,movie,Kung Fu Panda,92,"Action,Adventure,Animation",2008,7.6,488021
tt0814314,movie,Seven Pounds,123,Drama,2008,7.6,308369
tt1010048,movie,Slumdog Millionaire,120,"Crime,Drama,Romance",2008,8.0,858254
tt1060277,movie,Cloverfield,85,"Action,Adventure,Horror",2008,7.0,408372
tt0479952,movie,Madagascar: Escape 2 Africa,89,"Adventure,Animation,Comedy",2008,6.6,236038
tt0371746,movie,Iron Man,126,"Action,Adventure,Sci-Fi",2008,7.9,1081354
tt0976051,movie,The Reader,124,"Drama,Romance",2008,7.6,251495
tt0985699,movie,Valkyrie,121,"Drama,History,Thriller",2008,7.1,250604
tt1205489,movie,Gran Torino,116,Drama,2008,8.1,789046
tt0367882,movie,Indiana Jones and the Kingdom of the Crystal Skull,122,"Action,Adventure",2008,6.2,464863
tt0468569,movie,The Dark Knight,152,"Action,Crime,Drama",2008,9.0,2715111
tt1032755,movie,RocknRolla,114,"Action,Crime,Thriller",2008,7.2,258436
tt1068680,movie,Yes Man,104,"Comedy,Romance",2008,6.8,371089
tt0478087,movie,21,123,"Crime,Drama,History",2008,6.8,258602
tt1220719,movie,Ip Man,106,"Action,Biography,Drama",2008,8.0,228218
tt0960144,movie,You Don't Mess with the Zohan,113,"Action,Comedy",2008,5.6,207485
tt0959337,movie,Revolutionary Road,119,"Drama,Romance",2008,7.3,218472
tt0462499,movie,Rambo,92,"Action,Adventure,Thriller",2008,7.0,237514
tt0413267,movie,Shrek the Third,93,"Adventure,Animation,Comedy",2007,6.1,318262
tt0413300,movie,Spider-Man 3,139,"Action,Adventure,Sci-Fi",2007,6.3,607013
tt0259324,movie,Ghost Rider,110,"Action,Fantasy,Thriller",2007,5.3,244954
tt0838221,movie,The Darjeeling Limited,91,"Adventure,Comedy,Drama",2007,7.2,206618
tt0822854,movie,Shooter,124,"Action,Drama,Thriller",2007,7.1,341804
tt0469494,movie,There Will Be Blood,158,Drama,2007,8.2,601776
tt0829482,movie,Superbad,113,Comedy,2007,7.6,599463
tt0477348,movie,No Country for Old Men,122,"Crime,Drama,Thriller",2007,8.2,1000469
tt0443706,movie,Zodiac,157,"Crime,Drama,Mystery",2007,7.7,560911
tt0337978,movie,Live Free or Die Hard,128,"Action,Thriller",2007,7.1,412276
tt0825232,movie,The Bucket List,97,"Adventure,Comedy,Drama",2007,7.4,251568
tt0408236,movie,Sweeney Todd: The Demon Barber of Fleet Street,116,"Drama,Horror,Musical",2007,7.3,375916
tt0425112,movie,Hot Fuzz,121,"Action,Comedy,Mystery",2007,7.8,516782
tt0758758,movie,Into the Wild,148,"Adventure,Biography,Drama",2007,8.1,634653
tt0783233,movie,Atonement,123,"Drama,Mystery,Romance",2007,7.8,287175
tt0432021,movie,Resident Evil: Extinction,94,"Action,Horror,Sci-Fi",2007,6.2,200112
tt0431308,movie,P.S. I Love You,126,"Comedy,Drama,Romance",2007,7.0,213998
tt0765443,movie,Eastern Promises,100,"Crime,Drama,Thriller",2007,7.6,250447
tt0765429,movie,American Gangster,157,"Biography,Crime,Drama",2007,7.8,436311
tt1028528,movie,Death Proof,127,"Action,Thriller",2007,7.0,300532
tt0496806,movie,Ocean's Thirteen,122,"Crime,Thriller",2007,6.9,355670
tt0440963,movie,The Bourne Ultimatum,115,"Action,Mystery,Thriller",2007,8.0,643763
tt0418279,movie,Transformers,144,"Action,Adventure,Sci-Fi",2007,7.0,651035
tt0463854,movie,28 Weeks Later,100,"Action,Adventure,Horror",2007,6.9,283364
tt0373889,movie,Harry Potter and the Order of the Phoenix,138,"Action,Adventure,Family",2007,7.5,600445
tt1179904,movie,Paranormal Activity,86,"Horror,Mystery",2007,6.3,246914
tt0480249,movie,I Am Legend,101,"Action,Drama,Horror",2007,7.2,779267
tt0488120,movie,Fracture,113,"Crime,Drama,Thriller",2007,7.2,211098
tt0486655,movie,Stardust,127,"Adventure,Family,Fantasy",2007,7.6,277315
tt0486822,movie,Disturbia,105,"Crime,Drama,Mystery",2007,6.8,240867
tt0486576,movie,Fantastic Four: Rise of the Silver Surfer,92,"Action,Adventure,Fantasy",2007,5.6,270986
tt0465234,movie,National Treasure: Book of Secrets,124,"Action,Adventure,Mystery",2007,6.5,245059
tt0381849,movie,3:10 to Yuma,122,"Action,Crime,Drama",2007,7.7,320007
tt0481369,movie,The Number 23,98,"Crime,Mystery,Thriller",2007,6.4,207115
tt0461770,movie,Enchanted,107,"Adventure,Animation,Comedy",2007,7.1,210238
tt0382932,movie,Ratatouille,111,"Adventure,Animation,Comedy",2007,8.1,764990
tt0462538,movie,The Simpsons Movie,87,"Adventure,Animation,Comedy",2007,7.3,338505
tt1077258,movie,Planet Terror,105,"Action,Comedy,Horror",2007,7.1,216624
tt0448134,movie,Sunshine,107,"Sci-Fi,Thriller",2007,7.2,256879
tt0449088,movie,Pirates of the Caribbean: At World's End,169,"Action,Adventure,Fantasy",2007,7.1,666377
tt0450385,movie,1408,104,"Fantasy,Horror,Mystery",2007,6.8,281617
tt0467406,movie,Juno,96,"Comedy,Drama",2007,7.5,532629
tt0478311,movie,Knocked Up,129,"Comedy,Romance",2007,6.9,376136
tt0884328,movie,The Mist,126,"Horror,Sci-Fi,Thriller",2007,7.1,322282
tt0452623,movie,Gone Baby Gone,114,"Crime,Drama,Mystery",2007,7.6,280097
tt0449059,movie,Little Miss Sunshine,101,"Comedy,Drama",2006,7.8,494975
tt0449467,movie,Babel,143,Drama,2006,7.5,308962
tt0206634,movie,Children of Men,109,"Action,Drama,Sci-Fi",2006,7.9,511302
tt0482571,movie,The Prestige,130,"Drama,Mystery,Sci-Fi",2006,8.5,1363027
tt0454921,movie,The Pursuit of Happyness,117,"Biography,Drama",2006,8.0,530127
tt0454848,movie,Inside Man,129,"Crime,Drama,Mystery",2006,7.6,383456
tt0453467,movie,Deja Vu,126,"Action,Crime,Sci-Fi",2006,7.1,317618
tt0479143,movie,Rocky Balboa,102,"Action,Drama,Sport",2006,7.1,224368
tt0457939,movie,The Holiday,136,"Comedy,Romance",2006,6.9,300744
tt0443543,movie,The Illusionist,110,"Drama,Fantasy,Mystery",2006,7.5,379982
tt0472043,movie,Apocalypto,139,"Action,Adventure,Drama",2006,7.8,319903
tt0457430,movie,Pan's Labyrinth,118,"Drama,Fantasy,War",2006,8.2,680496
tt0450259,movie,Blood Diamond,143,"Adventure,Drama,Thriller",2006,8.0,563364
tt0458352,movie,The Devil Wears Prada,109,"Comedy,Drama",2006,6.9,434808
tt0438097,movie,Ice Age: The Meltdown,91,"Adventure,Animation,Comedy",2006,6.8,285980
tt0479884,movie,Crank,88,"Action,Crime,Thriller",2006,6.9,255495
tt0463985,movie,The Fast and the Furious: Tokyo Drift,104,"Action,Crime,Thriller",2006,6.0,282371
tt0477347,movie,Night at the Museum,108,"Adventure,Comedy,Family",2006,6.4,360237
tt0443453,movie,Borat,84,Comedy,2006,7.4,422527
tt0389860,movie,Click,107,"Comedy,Drama,Fantasy",2006,6.4,341774
tt0384537,movie,Silent Hill,125,"Horror,Mystery",2006,6.5,236204
tt0382625,movie,The Da Vinci Code,149,"Mystery,Thriller",2006,6.6,443522
tt0383574,movie,Pirates of the Caribbean: Dead Man's Chest,151,"Action,Adventure,Fantasy",2006,7.3,736057
tt0401855,movie,Underworld: Evolution,106,"Action,Fantasy,Thriller",2006,6.7,204486
tt0396171,movie,Perfume: The Story of a Murderer,147,"Crime,Drama,Fantasy",2006,7.5,257570
tt0348150,movie,Superman Returns,154,"Action,Adventure,Sci-Fi",2006,6.1,287101
tt0376994,movie,X-Men: The Last Stand,104,"Action,Adventure,Sci-Fi",2006,6.6,526555
tt0381061,movie,Casino Royale,144,"Action,Adventure,Thriller",2006,8.0,670465
tt0414993,movie,The Fountain,97,"Drama,Mystery,Romance",2006,7.2,243606
tt0317219,movie,Cars,117,"Adventure,Animation,Comedy",2006,7.2,438346
tt0425210,movie,Lucky Number Slevin,110,"Crime,Drama,Thriller",2006,7.7,318855
tt0317919,movie,Mission: Impossible III,126,"Action,Adventure,Thriller",2006,6.9,366137
tt0420223,movie,Stranger Than Fiction,113,"Comedy,Drama,Fantasy",2006,7.5,232422
tt0416449,movie,300,117,"Action,Drama",2006,7.6,835849
tt0407887,movie,The Departed,151,"Crime,Drama,Thriller",2006,8.5,1354773
tt0405094,movie,The Lives of Others,137,"Drama,Mystery,Thriller",2006,8.4,396392
tt0372784,movie,Batman Begins,140,"Action,Crime,Drama",2005,8.2,1501733
tt0351283,movie,Madagascar,86,"Adventure,Animation,Comedy",2005,6.9,417058
tt0373469,movie,Kiss Kiss Bang Bang,103,"Comedy,Crime,Mystery",2005,7.5,231357
tt0432348,movie,Saw II,93,"Horror,Mystery",2005,6.6,260133
tt0358273,movie,Walk the Line,136,"Biography,Drama,Music",2005,7.8,257193
tt0363771,movie,"The Chronicles of Narnia: The Lion, the Witch and the Wardrobe",143,"Adventure,Family,Fantasy",2005,6.9,409832
tt0360486,movie,Constantine,121,"Action,Fantasy,Horror",2005,7.0,357927
tt0360717,movie,King Kong,187,"Action,Adventure,Drama",2005,7.2,432990
tt0427944,movie,Thank You for Smoking,92,"Comedy,Drama",2005,7.5,225048
tt0434409,movie,V for Vendetta,132,"Action,Drama,Sci-Fi",2005,8.2,1140013
tt0367594,movie,Charlie and the Chocolate Factory,115,"Adventure,Comedy,Family",2005,6.7,496344
tt0371724,movie,The Hitchhiker's Guide to the Galaxy,109,"Adventure,Comedy,Sci-Fi",2005,6.7,202817
tt0356910,movie,Mr. & Mrs. Smith,120,"Action,Comedy,Crime",2005,6.5,511473
tt0435625,movie,The Descent,99,"Adventure,Horror,Thriller",2005,7.2,232958
tt0396269,movie,Wedding Crashers,119,"Comedy,Romance",2005,7.0,364734
tt0401792,movie,Sin City,124,"Crime,Thriller",2005,8.0,778876
tt0320661,movie,Kingdom of Heaven,144,"Action,Adventure,Drama",2005,7.2,296577
tt0405422,movie,The 40-Year-Old Virgin,116,"Comedy,Romance",2005,7.1,449332
tt0408306,movie,Munich,164,"Action,Drama,History",2005,7.5,231979
tt0399295,movie,Lord of War,122,"Crime,Drama",2005,7.6,325960
tt0407304,movie,War of the Worlds,116,"Action,Adventure,Sci-Fi",2005,6.5,459282
tt0399201,movie,The Island,136,"Action,Sci-Fi,Thriller",2005,6.8,320943
tt0399146,movie,A History of Violence,96,"Action,Crime,Drama",2005,7.4,244512
tt0379786,movie,Serenity,119,"Action,Adventure,Sci-Fi",2005,7.8,300184
tt0120667,movie,Fantastic Four,106,"Action,Adventure,Fantasy",2005,5.7,335802
tt0121766,movie,Star Wars: Episode III - Revenge of the Sith,140,"Action,Adventure,Fantasy",2005,7.6,811062
tt0121164,movie,Corpse Bride,77,"Animation,Drama,Family",2005,7.3,283709
tt0414387,movie,Pride & Prejudice,129,"Drama,Romance",2005,7.8,307760
tt0388795,movie,Brokeback Mountain,134,"Drama,Romance",2005,7.7,367268
tt0330373,movie,Harry Potter and the Goblet of Fire,157,"Adventure,Family,Fantasy",2005,7.7,646168
tt0416320,movie,Match Point,124,"Drama,Romance,Thriller",2005,7.6,222325
tt0388482,movie,Transporter 2,87,"Action,Crime,Thriller",2005,6.3,208114
tt0386588,movie,Hitch,118,"Comedy,Romance",2005,6.6,324717
tt0369339,movie,Collateral,120,"Action,Crime,Drama",2004,7.5,415653
tt0370263,movie,Alien vs. Predator,101,"Action,Adventure,Horror",2004,5.6,205483
tt0381681,movie,Before Sunset,80,"Drama,Romance",2004,8.1,273567
tt0337563,movie,13 Going on 30,98,"Comedy,Fantasy,Romance",2004,6.3,201492
tt0375679,movie,Crash,112,"Crime,Drama,Thriller",2004,7.7,442246
tt0333766,movie,Garden State,102,"Comedy,Drama,Romance",2004,7.4,219784
tt0304141,movie,Harry Potter and the Prisoner of Azkaban,142,"Adventure,Family,Fantasy",2004,7.9,654783
tt0374900,movie,Napoleon Dynamite,96,Comedy,2004,6.9,227315
tt0378194,movie,Kill Bill: Vol. 2,137,"Action,Crime,Thriller",2004,8.0,773381
tt0308644,movie,Finding Neverland,106,"Biography,Drama,Family",2004,7.7,208915
tt0332452,movie,Troy,163,Drama,2004,7.3,547839
tt0372183,movie,The Bourne Supremacy,108,"Action,Mystery,Thriller",2004,7.7,473217
tt0332280,movie,The Notebook,123,"Drama,Romance",2004,7.8,587532
tt0376541,movie,Closer,104,"Drama,Romance",2004,7.2,227081
tt0335345,movie,The Passion of the Christ,127,Drama,2004,7.2,239967
tt0377092,movie,Mean Girls,97,Comedy,2004,7.1,398458
tt0317705,movie,The Incredibles,115,"Action,Adventure,Animation",2004,8.0,760363
tt0395169,movie,Hotel Rwanda,121,"Biography,Drama,History",2004,8.1,361674
tt0316654,movie,Spider-Man 2,127,"Action,Adventure,Sci-Fi",2004,7.4,671592
tt0405159,movie,Million Dollar Baby,132,"Drama,Sport",2004,8.1,699522
tt0318627,movie,Resident Evil: Apocalypse,94,"Action,Horror,Sci-Fi",2004,6.1,204330
tt0319262,movie,The Day After Tomorrow,124,"Action,Adventure,Sci-Fi",2004,6.4,459618
tt0387564,movie,Saw,103,"Horror,Mystery,Thriller",2004,7.6,434870
tt0328107,movie,Man on Fire,146,"Action,Crime,Drama",2004,7.7,371742
tt0338348,movie,The Polar Express,100,"Adventure,Animation,Comedy",2004,6.6,222249
tt0343660,movie,50 First Dates,99,"Comedy,Drama,Romance",2004,6.8,365983
tt0364725,movie,Dodgeball: A True Underdog Story,92,"Comedy,Sport",2004,6.7,257478
tt0296572,movie,The Chronicles of Riddick,119,"Action,Adventure,Sci-Fi",2004,6.6,235491
tt0265208,movie,The Girl Next Door,109,"Comedy,Drama,Romance",2004,6.7,229672
tt0363547,movie,Dawn of the Dead,101,"Action,Horror",2004,7.3,262303
tt0356150,movie,EuroTrip,92,Comedy,2004,6.6,214580
tt0298148,movie,Shrek 2,93,"Adventure,Animation,Comedy",2004,7.3,480689
tt0363988,movie,Secret Window,96,"Drama,Mystery,Thriller",2004,6.5,202216
tt0290002,movie,Meet the Fockers,115,"Comedy,Romance",2004,6.3,277733
tt0338526,movie,Van Helsing,131,"Action,Adventure,Fantasy",2004,6.0,274253
tt0338751,movie,The Aviator,170,"Biography,Drama",2004,7.5,370925
tt0366551,movie,Harold & Kumar Go to White Castle,88,"Adventure,Comedy",2004,7.0,200722
tt0357413,movie,Anchorman: The Legend of Ron Burgundy,94,Comedy,2004,7.1,366299
tt0349903,movie,Ocean's Twelve,125,"Crime,Thriller",2004,6.5,400213
tt0343818,movie,"I, Robot",115,"Action,Mystery,Sci-Fi",2004,7.1,554236
tt0339291,movie,A Series of Unfortunate Events,108,"Adventure,Comedy,Family",2004,6.8,214248
tt0368891,movie,National Treasure,131,"Action,Adventure,Mystery",2004,6.9,342648
tt0338013,movie,Eternal Sunshine of the Spotless Mind,108,"Drama,Romance,Sci-Fi",2004,8.3,1030374
tt0167190,movie,Hellboy,122,"Action,Adventure,Fantasy",2004,6.8,338168
tt0347149,movie,Howl's Moving Castle,119,"Adventure,Animation,Family",2004,8.2,411140
tt0361862,movie,The Machinist,101,"Drama,Thriller",2004,7.7,400619
tt0362227,movie,The Terminal,128,"Comedy,Drama,Romance",2004,7.4,472080
tt0362270,movie,The Life Aquatic with Steve Zissou,119,"Action,Adventure,Comedy",2004,7.2,202952
tt0289879,movie,The Butterfly Effect,113,"Drama,Sci-Fi,Thriller",2004,7.6,501284
tt0363163,movie,Downfall,156,"Biography,Drama,History",2004,8.2,362118
tt0365748,movie,Shaun of the Dead,99,"Comedy,Horror",2004,7.9,570838
tt0368447,movie,The Village,108,"Drama,Mystery,Thriller",2004,6.6,268563
tt0286716,movie,Hulk,138,"Action,Sci-Fi",2003,5.6,272582
tt0242653,movie,The Matrix Revolutions,129,"Action,Sci-Fi",2003,6.7,525181
tt0311113,movie,Master and Commander: The Far Side of the World,138,"Action,Adventure,Drama",2003,7.5,228435
tt0167260,movie,The Lord of the Rings: The Return of the King,201,"Action,Adventure,Drama",2003,9.0,1885223
tt0251127,movie,How to Lose a Guy in 10 Days,116,"Comedy,Romance",2003,6.4,251015
tt0322259,movie,2 Fast 2 Furious,107,"Action,Crime,Thriller",2003,5.9,282954
tt0317740,movie,The Italian Job,111,"Action,Crime,Thriller",2003,7.0,376845
tt0287978,movie,Daredevil,103,"Action,Crime",2003,5.3,223977
tt0181852,movie,Terminator 3: Rise of the Machines,109,"Action,Sci-Fi",2003,6.3,407487
tt0314331,movie,Love Actually,135,"Comedy,Drama,Romance",2003,7.6,503163
tt0319343,movie,Elf,97,"Adventure,Comedy,Family",2003,7.1,286633
tt0328828,movie,American Wedding,96,Comedy,2003,6.3,211220
tt0325980,movie,Pirates of the Caribbean: The Curse of the Black Pearl,143,"Action,Adventure,Fantasy",2003,8.1,1152442
tt0319061,movie,Big Fish,125,"Adventure,Drama,Fantasy",2003,8.0,448016
tt0325710,movie,The Last Samurai,154,"Action,Drama",2003,7.8,451761
tt0315327,movie,Bruce Almighty,101,"Comedy,Fantasy",2003,6.8,415364
tt0327056,movie,Mystic River,138,"Crime,Drama,Mystery",2003,7.9,467352
tt0315733,movie,21 Grams,124,"Crime,Drama,Thriller",2003,7.6,241074
tt0290334,movie,X2: X-Men United,134,"Action,Sci-Fi,Thriller",2003,7.4,560542
tt0364569,movie,Oldboy,120,"Action,Drama,Mystery",2003,8.4,595579
tt0302886,movie,Old School,88,Comedy,2003,7.0,237173
tt0320691,movie,Underworld,121,"Action,Fantasy,Thriller",2003,7.0,276804
tt0172156,movie,Bad Boys II,147,"Action,Comedy,Crime",2003,6.6,258105
tt0266543,movie,Finding Nemo,100,"Adventure,Animation,Comedy",2003,8.2,1065397
tt0305224,movie,Anger Management,106,Comedy,2003,6.2,221254
tt0335266,movie,Lost in Translation,102,"Comedy,Drama",2003,7.7,466909
tt0266697,movie,Kill Bill: Vol. 1,111,"Action,Crime,Drama",2003,8.2,1139733
tt0332379,movie,School of Rock,109,"Comedy,Music",2003,7.2,316143
tt0234215,movie,The Matrix Reloaded,138,"Action,Sci-Fi",2003,7.2,608141
tt0309698,movie,Identity,90,"Mystery,Thriller",2003,7.3,256279
tt0258000,movie,Panic Room,112,"Crime,Drama,Thriller",2002,6.8,286332
tt0183649,movie,Phone Booth,81,"Crime,Thriller",2002,7.1,276102
tt0145487,movie,Spider-Man,121,"Action,Adventure,Sci-Fi",2002,7.4,837420
tt0289043,movie,28 Days Later,113,"Drama,Horror,Sci-Fi",2002,7.5,424739
tt0217505,movie,Gangs of New York,167,"Crime,Drama",2002,7.5,453783
tt0187738,movie,Blade II,117,"Action,Horror,Sci-Fi",2002,6.7,225424
tt0293662,movie,The Transporter,92,"Action,Crime,Thriller",2002,6.8,310583
tt0299658,movie,Chicago,113,"Comedy,Crime,Musical",2002,7.2,235556
tt0257044,movie,Road to Perdition,117,"Crime,Drama,Thriller",2002,7.7,275757
tt0317248,movie,City of God,130,"Crime,Drama",2002,8.6,770225
tt0181689,movie,Minority Report,145,"Action,Crime,Mystery",2002,7.6,564862
tt0281358,movie,A Walk to Remember,101,"Drama,Romance",2002,7.3,215588
tt0286106,movie,Signs,106,"Drama,Mystery,Sci-Fi",2002,6.8,372706
tt0258463,movie,The Bourne Identity,119,"Action,Mystery,Thriller",2002,7.9,558420
tt0298203,movie,8 Mile,110,"Drama,Music",2002,7.2,301834
tt0298130,movie,The Ring,115,"Horror,Mystery",2002,7.1,359775
tt0167261,movie,The Lord of the Rings: The Two Towers,179,"Action,Adventure,Drama",2002,8.8,1701679
tt0278504,movie,Insomnia,118,"Drama,Mystery,Thriller",2002,7.2,302834
tt0264464,movie,Catch Me If You Can,141,"Biography,Crime,Drama",2002,8.1,1019704
tt0289765,movie,Red Dragon,124,"Crime,Drama,Thriller",2002,7.2,281175
tt0253474,movie,The Pianist,150,"Biography,Drama,Music",2002,8.5,854992
tt0295178,movie,Austin Powers in Goldmember,94,"Action,Adventure,Comedy",2002,6.2,215657
tt0246460,movie,Die Another Day,133,"Action,Adventure,Thriller",2002,6.1,223441
tt0120912,movie,Men in Black II,88,"Action,Adventure,Comedy",2002,6.2,386367
tt0120804,movie,Resident Evil,100,"Action,Horror,Sci-Fi",2002,6.6,278417
tt0268380,movie,Ice Age,81,"Adventure,Animation,Comedy",2002,7.5,496107
tt0295297,movie,Harry Potter and the Chamber of Secrets,161,"Adventure,Family,Fantasy",2002,7.4,655804
tt0238380,movie,Equilibrium,107,"Action,Drama,Sci-Fi",2002,7.3,338165
tt0121765,movie,Star Wars: Episode II - Attack of the Clones,142,"Action,Adventure,Fantasy",2002,6.6,728839
tt0133152,movie,Planet of the Apes,119,"Action,Adventure,Sci-Fi",2001,5.7,223515
tt0120737,movie,The Lord of the Rings: The Fellowship of the Ring,178,"Action,Adventure,Drama",2001,8.8,1913968
tt0166924,movie,Mulholland Drive,147,"Drama,Mystery,Thriller",2001,7.9,366570
tt0126029,movie,Shrek,90,"Adventure,Animation,Comedy",2001,7.9,698914
tt0265666,movie,The Royal Tenenbaums,110,"Comedy,Drama",2001,7.6,300822
tt0266915,movie,Rush Hour 2,90,"Action,Comedy,Crime",2001,6.6,228087
tt0265086,movie,Black Hawk Down,144,"Action,Drama,History",2001,7.7,406758
tt0146316,movie,Lara Croft: Tomb Raider,100,"Action,Adventure,Fantasy",2001,5.7,213647
tt0163025,movie,Jurassic Park III,92,"Action,Adventure,Sci-Fi",2001,5.9,330132
tt0268978,movie,A Beautiful Mind,135,"Biography,Drama",2001,8.2,949610
tt0259711,movie,Vanilla Sky,136,"Fantasy,Mystery,Romance",2001,6.9,275789
tt0139654,movie,Training Day,122,"Action,Crime,Drama",2001,7.7,449782
tt0252866,movie,American Pie 2,108,Comedy,2001,6.4,262309
tt0215750,movie,Enemy at the Gates,131,"Action,Drama,War",2001,7.5,268779
tt0196229,movie,Zoolander,90,Comedy,2001,6.5,280870
tt0246578,movie,Donnie Darko,113,"Drama,Mystery,Sci-Fi",2001,8.0,818862
tt0245429,movie,Spirited Away,125,"Adventure,Animation,Family",2001,8.6,788563
tt0241527,movie,Harry Potter and the Sorcerer's Stone,152,"Adventure,Family,Fantasy",2001,7.6,808259
tt0232500,movie,The Fast and the Furious,106,"Action,Crime,Thriller",2001,6.8,397866
tt0240772,movie,Ocean's Eleven,116,"Crime,Thriller",2001,7.7,590833
tt0209163,movie,The Mummy Returns,130,"Action,Adventure,Fantasy",2001,6.4,334749
tt0203009,movie,Moulin Rouge!,127,"Drama,Musical,Romance",2001,7.6,291116
tt0213149,movie,Pearl Harbor,183,"Action,Drama,History",2001,6.2,340721
tt0243155,movie,Bridget Jones's Diary,97,"Comedy,Drama,Romance",2001,6.8,251004
tt0198781,movie,"Monsters, Inc.",92,"Adventure,Animation,Comedy",2001,8.1,930989
tt0230600,movie,The Others,101,"Horror,Mystery,Thriller",2001,7.6,376366
tt0211915,movie,Amélie,122,"Comedy,Romance",2001,8.3,769159
tt0212720,movie,A.I. Artificial Intelligence,146,"Drama,Sci-Fi",2001,7.2,314555
tt0212985,movie,Hannibal,131,"Crime,Drama,Thriller",2001,6.8,282603
tt0250494,movie,Legally Blonde,96,"Comedy,Romance",2001,6.4,229083
tt0221027,movie,Blow,124,"Biography,Crime,Drama",2001,7.5,266829
tt0212346,movie,Miss Congeniality,109,"Action,Comedy,Crime",2000,6.3,218611
tt0212338,movie,Meet the Parents,108,"Comedy,Romance",2000,7.0,343195
tt0187078,movie,Gone in 60 Seconds,118,"Action,Crime,Thriller",2000,6.5,285625
tt0172495,movie,Gladiator,155,"Action,Adventure,Drama",2000,8.5,1534607
tt0134847,movie,Pitch Black,109,"Action,Horror,Sci-Fi",2000,7.0,246764
tt0120903,movie,X-Men,104,"Action,Adventure,Sci-Fi",2000,7.3,627025
tt0120917,movie,The Emperor's New Groove,78,"Adventure,Animation,Comedy",2000,7.4,212563
tt0187393,movie,The Patriot,165,"Action,Drama,History",2000,7.2,282540
tt0209144,movie,Memento,113,"Mystery,Thriller",2000,8.4,1262339
tt0175142,movie,Scary Movie,88,Comedy,2000,6.2,271017
tt0208092,movie,Snatch,104,"Comedy,Crime",2000,8.2,873309
tt0170016,movie,How the Grinch Stole Christmas,104,"Comedy,Family,Fantasy",2000,6.3,268360
tt0210945,movie,Remember the Titans,113,"Biography,Drama,Sport",2000,7.8,222151
tt0180093,movie,Requiem for a Dream,102,Drama,2000,8.3,860866
tt0163978,movie,The Beach,119,"Adventure,Drama,Romance",2000,6.6,245516
tt0144084,movie,American Psycho,102,"Crime,Drama,Horror",2000,7.6,654994
tt0181865,movie,Traffic,147,"Crime,Drama,Thriller",2000,7.6,212756
tt0181875,movie,Almost Famous,122,"Adventure,Comedy,Drama",2000,7.9,283430
tt0120755,movie,Mission: Impossible II,123,"Action,Adventure,Thriller",2000,6.1,352371
tt0190590,movie,"O Brother, Where Art Thou?",107,"Adventure,Comedy,Crime",2000,7.7,319787
tt0190332,movie,"Crouching Tiger, Hidden Dragon",120,"Action,Adventure,Drama",2000,7.9,275500
tt0217869,movie,Unbreakable,106,"Drama,Mystery,Sci-Fi",2000,7.3,427352
tt0162222,movie,Cast Away,143,"Adventure,Drama,Romance",2000,7.8,608770
tt0245712,movie,Amores Perros,154,"Drama,Thriller",2000,8.1,245225
tt0207201,movie,What Women Want,127,"Comedy,Fantasy,Romance",2000,6.4,213728
tt0183505,movie,"Me, Myself & Irene",116,Comedy,2000,6.6,243270
tt0195685,movie,Erin Brockovich,131,"Biography,Drama",2000,7.4,206755
tt0195714,movie,Final Destination,98,"Horror,Thriller",2000,6.7,265243
tt0125439,movie,Notting Hill,124,"Comedy,Drama,Romance",1999,7.2,324511
tt0169547,movie,American Beauty,122,Drama,1999,8.3,1172820
tt0147800,movie,10 Things I Hate About You,97,"Comedy,Drama,Romance",1999,7.3,357483
tt0162661,movie,Sleepy Hollow,105,"Fantasy,Horror,Mystery",1999,7.3,369653
tt0143145,movie,The World Is Not Enough,128,"Action,Adventure,Thriller",1999,6.4,204796
tt0142342,movie,Big Daddy,93,"Comedy,Drama",1999,6.4,224995
tt0145660,movie,Austin Powers: The Spy Who Shagged Me,95,"Action,Adventure,Comedy",1999,6.6,240201
tt0163651,movie,American Pie,95,Comedy,1999,7.0,417382
tt0144117,movie,The Boondock Saints,108,"Action,Thriller",1999,7.7,243308
tt0158983,movie,"South Park: Bigger, Longer & Uncut",81,"Animation,Comedy,Fantasy",1999,7.7,209608
tt0151804,movie,Office Space,89,Comedy,1999,7.6,275410
tt0133093,movie,The Matrix,136,"Action,Sci-Fi",1999,8.7,1955685
tt0129167,movie,The Iron Giant,86,"Action,Adventure,Animation",1999,8.1,208639
tt0137523,movie,Fight Club,139,Drama,1999,8.8,2183701
tt0167404,movie,The Sixth Sense,107,"Drama,Mystery,Thriller",1999,8.2,1010276
tt0134119,movie,The Talented Mr. Ripley,139,"Crime,Drama,Thriller",1999,7.4,218472
tt0120363,movie,Toy Story 2,92,"Adventure,Animation,Comedy",1999,7.9,594958
tt0175880,movie,Magnolia,188,Drama,1999,8.0,319188
tt0120855,movie,Tarzan,88,"Adventure,Animation,Comedy",1999,7.3,234770
tt0185937,movie,The Blair Witch Project,81,"Horror,Mystery",1999,6.5,270462
tt0120915,movie,Star Wars: Episode I - The Phantom Menace,136,"Action,Adventure,Fantasy",1999,6.5,824071
tt0120601,movie,Being John Malkovich,113,"Comedy,Drama,Fantasy",1999,7.7,343736
tt0120616,movie,The Mummy,124,"Action,Adventure,Fantasy",1999,7.1,443402
tt0120689,movie,The Green Mile,189,"Crime,Drama,Fantasy",1999,8.6,1333553
tt0120663,movie,Eyes Wide Shut,159,"Drama,Mystery,Thriller",1999,7.5,354046
tt0120655,movie,Dogma,130,"Adventure,Comedy,Drama",1999,7.3,222612
tt0138097,movie,Shakespeare in Love,123,"Comedy,Drama,History",1998,7.1,229242
tt0120611,movie,Blade,120,"Action,Horror,Sci-Fi",1998,7.1,284181
tt0130827,movie,Run Lola Run,81,"Action,Crime,Thriller",1998,7.7,202253
tt0120623,movie,A Bug's Life,95,"Adventure,Animation,Comedy",1998,7.2,301374
tt0120586,movie,American History X,119,"Crime,Drama",1998,8.5,1142420
tt0118929,movie,Dark City,100,"Fantasy,Mystery,Sci-Fi",1998,7.6,204825
tt0120591,movie,Armageddon,151,"Action,Adventure,Sci-Fi",1998,6.7,436017
tt0129387,movie,There's Something About Mary,119,"Comedy,Romance",1998,7.1,318727
tt0128853,movie,You've Got Mail,119,"Comedy,Drama,Romance",1998,6.7,220410
tt0120382,movie,The Truman Show,103,"Comedy,Drama",1998,8.2,1115552
tt0118715,movie,The Big Lebowski,117,"Comedy,Crime",1998,8.1,826461
tt0120812,movie,Rush Hour,98,"Action,Comedy,Crime",1998,7.0,278922
tt0120815,movie,Saving Private Ryan,169,"Drama,War",1998,8.6,1421932
tt0119643,movie,Meet Joe Black,178,"Drama,Fantasy,Romance",1998,7.2,251980
tt0120735,movie,"Lock, Stock and Two Smoking Barrels",107,"Action,Comedy,Crime",1998,8.1,594701
tt0120669,movie,Fear and Loathing in Las Vegas,118,"Adventure,Comedy,Drama",1998,7.5,291360
tt0120660,movie,Enemy of the State,132,"Action,Thriller",1998,7.3,250622
tt0120762,movie,Mulan,87,"Adventure,Animation,Comedy",1998,7.6,298685
tt0119698,movie,Princess Mononoke,134,"Action,Adventure,Animation",1997,8.3,406215
tt0119822,movie,As Good as It Gets,139,"Comedy,Drama,Romance",1997,7.7,307209
tt0120201,movie,Starship Troopers,129,"Action,Adventure,Sci-Fi",1997,7.3,304690
tt0123755,movie,Cube,90,"Drama,Horror,Mystery",1997,7.2,238377
tt0120338,movie,Titanic,194,"Drama,Romance",1997,7.9,1218223
tt0119217,movie,Good Will Hunting,126,"Drama,Romance",1997,8.3,1002445
tt0119174,movie,The Game,129,"Drama,Mystery,Thriller",1997,7.7,408839
tt0118749,movie,Boogie Nights,155,Drama,1997,7.9,272488
tt0119177,movie,Gattaca,106,"Drama,Sci-Fi,Thriller",1997,7.8,312025
tt0118688,movie,Batman & Robin,125,"Action,Sci-Fi",1997,3.7,259444
tt0119282,movie,Hercules,93,"Adventure,Animation,Comedy",1997,7.3,240637
tt0118799,movie,Life Is Beautiful,116,"Comedy,Drama,Romance",1997,8.6,710453
tt0118880,movie,Con Air,115,"Action,Crime,Thriller",1997,6.9,307874
tt0118884,movie,Contact,150,"Drama,Mystery,Sci-Fi",1997,7.5,282481
tt0119094,movie,Face/Off,138,"Action,Crime,Sci-Fi",1997,7.3,387152
tt0119116,movie,The Fifth Element,126,"Action,Adventure,Sci-Fi",1997,7.6,485628
tt0118971,movie,The Devil's Advocate,144,"Drama,Mystery,Thriller",1997,7.5,384146
tt0119008,movie,Donnie Brasco,127,"Biography,Crime,Drama",1997,7.7,316645
tt0118571,movie,Air Force One,124,"Action,Drama,Thriller",1997,6.5,202457
tt0119567,movie,The Lost World: Jurassic Park,129,"Action,Adventure,Sci-Fi",1997,6.5,428399
tt0118583,movie,Alien: Resurrection,109,"Action,Horror,Sci-Fi",1997,6.2,254024
tt0119528,movie,Liar Liar,86,"Comedy,Fantasy",1997,6.9,318924
tt0119488,movie,L.A. Confidential,138,"Crime,Drama,Mystery",1997,8.2,592772
tt0119654,movie,Men in Black,98,"Action,Adventure,Comedy",1997,7.3,583909
tt0119396,movie,Jackie Brown,154,"Crime,Drama,Thriller",1997,7.5,358479
tt0118655,movie,Austin Powers: International Man of Mystery,94,"Adventure,Comedy",1997,7.0,247625
tt0116367,movie,From Dusk Till Dawn,108,"Action,Crime,Horror",1996,7.2,324964
tt0116483,movie,Happy Gilmore,92,"Comedy,Sport",1996,7.0,234958
tt0116282,movie,Fargo,98,"Crime,Thriller",1996,8.1,692198
tt0116996,movie,Mars Attacks!,106,"Comedy,Sci-Fi",1996,6.4,234302
tt0116629,movie,Independence Day,145,"Action,Adventure,Sci-Fi",1996,7.0,586159
tt0116695,movie,Jerry Maguire,139,"Comedy,Drama,Romance",1996,7.3,275412
tt0117998,movie,Twister,113,"Action,Adventure,Thriller",1996,6.4,202773
tt0117381,movie,Primal Fear,129,"Crime,Drama,Mystery",1996,7.7,231747
tt0117060,movie,Mission: Impossible,110,"Action,Adventure,Thriller",1996,7.1,438247
tt0117951,movie,Trainspotting,93,Drama,1996,8.1,700614
tt0117571,movie,Scream,111,"Horror,Mystery",1996,7.4,363607
tt0117500,movie,The Rock,136,"Action,Adventure,Thriller",1996,7.4,346699
tt0117509,movie,Romeo + Juliet,120,"Drama,Romance",1996,6.7,235595
tt0117705,movie,Space Jam,88,"Adventure,Animation,Comedy",1996,6.5,204004
tt0117665,movie,Sleepers,147,"Crime,Drama,Thriller",1996,7.5,230086
tt0112281,movie,Ace Ventura: When Nature Calls,90,"Adventure,Comedy,Crime",1995,6.4,224639
tt0112697,movie,Clueless,97,"Comedy,Romance",1995,6.9,229244
tt0112641,movie,Casino,178,"Crime,Drama",1995,8.2,534100
tt0112442,movie,Bad Boys,119,"Action,Comedy,Crime",1995,6.8,274606
tt0112462,movie,Batman Forever,121,"Action,Adventure",1995,5.4,258517
tt0112384,movie,Apollo 13,140,"Adventure,Drama,History",1995,7.7,303123
tt0112471,movie,Before Sunrise,101,"Drama,Romance",1995,8.1,319990
tt0112573,movie,Braveheart,178,"Biography,Drama,History",1995,8.4,1054970
tt0114369,movie,Se7en,127,"Crime,Drama,Mystery",1995,8.6,1695597
tt0114814,movie,The Usual Suspects,106,"Crime,Drama,Mystery",1995,8.5,1103573
tt0114898,movie,Waterworld,135,"Action,Adventure,Sci-Fi",1995,6.3,202101
tt0114709,movie,Toy Story,81,"Adventure,Animation,Comedy",1995,8.3,1016852
tt0114746,movie,12 Monkeys,129,"Mystery,Sci-Fi,Thriller",1995,8.0,629046
tt0113189,movie,GoldenEye,130,"Action,Adventure,Thriller",1995,7.2,262634
tt0113277,movie,Heat,170,"Action,Crime,Drama",1995,8.3,674573
tt0112864,movie,Die Hard with a Vengeance,128,"Action,Adventure,Thriller",1995,7.6,395719
tt0113497,movie,Jumanji,104,"Adventure,Comedy,Family",1995,7.0,357965
tt0110357,movie,The Lion King,88,"Adventure,Animation,Drama",1994,8.5,1083871
tt0110413,movie,Léon: The Professional,110,"Action,Crime,Drama",1994,8.5,1188078
tt0110632,movie,Natural Born Killers,119,"Action,Crime,Drama",1994,7.2,242014
tt0110475,movie,The Mask,101,"Action,Comedy,Crime",1994,6.9,398683
tt0109040,movie,Ace Ventura: Pet Detective,86,Comedy,1994,6.9,311676
tt0110148,movie,Interview with the Vampire: The Vampire Chronicles,123,"Drama,Fantasy,Horror",1994,7.5,332366
tt0111257,movie,Speed,116,"Action,Adventure,Thriller",1994,7.3,376077
tt0109686,movie,Dumb and Dumber,107,Comedy,1994,7.3,395652
tt0111161,movie,The Shawshank Redemption,142,Drama,1994,9.3,2742273
tt0111503,movie,True Lies,141,"Action,Comedy,Thriller",1994,7.3,268688
tt0109445,movie,Clerks,92,Comedy,1994,7.7,227203
tt0109830,movie,Forrest Gump,142,"Drama,Romance",1994,8.8,2133744
tt0110912,movie,Pulp Fiction,154,"Crime,Drama",1994,8.9,2107235
tt0108052,movie,Schindler's List,195,"Biography,Drama,History",1993,9.0,1383759
tt0106519,movie,Carlito's Way,144,"Crime,Drama,Thriller",1993,7.9,224293
tt0108550,movie,What's Eating Gilbert Grape,118,Drama,1993,7.7,243956
tt0107818,movie,Philadelphia,125,Drama,1993,7.7,248529
tt0106977,movie,The Fugitive,130,"Action,Crime,Drama",1993,7.8,304356
tt0107688,movie,The Nightmare Before Christmas,76,"Animation,Family,Fantasy",1993,7.9,351309
tt0107048,movie,Groundhog Day,101,"Comedy,Drama,Fantasy",1993,8.0,649905
tt0108399,movie,True Romance,119,"Crime,Drama,Romance",1993,7.9,233070
tt0107614,movie,Mrs. Doubtfire,125,"Comedy,Drama",1993,7.1,276048
tt0107290,movie,Jurassic Park,127,"Action,Adventure,Sci-Fi",1993,8.2,1012854
tt0103639,movie,Aladdin,90,"Adventure,Animation,Comedy",1992,8.0,435962
tt0103644,movie,Alien³,114,"Action,Horror,Sci-Fi",1992,6.4,307452
tt0105236,movie,Reservoir Dogs,99,"Crime,Thriller",1992,8.3,1041921
tt0105323,movie,Scent of a Woman,156,Drama,1992,8.0,309511
tt0105695,movie,Unforgiven,130,"Drama,Western",1992,8.2,420532
tt0104257,movie,A Few Good Men,138,"Drama,Thriller",1992,7.7,272965
tt0103874,movie,Dracula,128,"Drama,Fantasy,Horror",1992,7.4,225335
tt0103776,movie,Batman Returns,126,"Action,Crime,Fantasy",1992,7.1,313461
tt0103772,movie,Basic Instinct,127,"Drama,Mystery,Thriller",1992,7.0,207962
tt0104431,movie,Home Alone 2: Lost in New York,120,"Adventure,Comedy,Crime",1992,6.8,374665
tt0102798,movie,Robin Hood: Prince of Thieves,143,"Action,Adventure,Drama",1991,6.9,200410
tt0102926,movie,The Silence of the Lambs,118,"Crime,Drama,Thriller",1991,8.6,1466022
tt0103064,movie,Terminator 2: Judgment Day,137,"Action,Sci-Fi",1991,8.6,1121950
tt0101414,movie,Beauty and the Beast,84,"Animation,Family,Fantasy",1991,8.0,463896
tt0101540,movie,Cape Fear,128,"Crime,Thriller",1991,7.3,203890
tt0102057,movie,Hook,142,"Adventure,Comedy,Family",1991,6.8,263118
tt0099785,movie,Home Alone,103,"Comedy,Family",1990,7.7,603843
tt0099348,movie,Dances with Wolves,181,"Adventure,Drama,Western",1990,8.0,276181
tt0099810,movie,The Hunt for Red October,135,"Action,Adventure,Thriller",1990,7.5,206604
tt0099088,movie,Back to the Future Part III,118,"Adventure,Comedy,Sci-Fi",1990,7.4,460164
tt0099487,movie,Edward Scissorhands,105,"Drama,Fantasy,Romance",1990,7.9,502545
tt0099685,movie,Goodfellas,145,"Biography,Crime,Drama",1990,8.7,1190129
tt0099674,movie,The Godfather Part III,162,"Crime,Drama",1990,7.6,407354
tt0099653,movie,Ghost,127,"Drama,Fantasy,Romance",1990,7.1,225283
tt0099423,movie,Die Hard 2,124,"Action,Thriller",1990,7.1,370407
tt0100802,movie,Total Recall,113,"Action,Adventure,Sci-Fi",1990,7.5,340471
tt0100157,movie,Misery,107,"Drama,Thriller",1990,7.8,220760
tt0100405,movie,Pretty Woman,119,"Comedy,Romance",1990,7.1,337076
tt0097576,movie,Indiana Jones and the Last Crusade,127,"Action,Adventure",1989,8.2,770361
tt0097428,movie,Ghostbusters II,108,"Action,Comedy,Fantasy",1989,6.6,213446
tt0097757,movie,The Little Mermaid,83,"Adventure,Animation,Family",1989,7.6,272804
tt0097165,movie,Dead Poets Society,128,"Comedy,Drama",1989,8.1,509060
tt0096874,movie,Back to the Future Part II,108,"Adventure,Comedy,Sci-Fi",1989,7.8,547606
tt0096895,movie,Batman,126,"Action,Adventure",1989,7.5,386915
tt0098635,movie,When Harry Met Sally...,95,"Comedy,Drama,Romance",1989,7.7,228263
tt0097958,movie,National Lampoon's Christmas Vacation,97,Comedy,1989,7.5,203953
tt0094737,movie,Big,104,"Comedy,Drama,Fantasy",1988,7.3,229386
tt0094721,movie,Beetlejuice,92,"Comedy,Fantasy",1988,7.5,315394
tt0095016,movie,Die Hard,132,"Action,Thriller",1988,8.2,900656
tt0094898,movie,Coming to America,117,"Comedy,Romance",1988,7.1,214537
tt0095765,movie,Cinema Paradiso,155,"Drama,Romance",1988,8.5,268159
tt0095953,movie,Rain Man,133,Drama,1988,8.0,526333
tt0095327,movie,Grave of the Fireflies,89,"Animation,Drama,War",1988,8.5,286903
tt0096283,movie,My Neighbor Totoro,86,"Animation,Comedy,Family",1988,8.1,352126
tt0096438,movie,Who Framed Roger Rabbit,104,"Adventure,Animation,Comedy",1988,7.7,207775
tt0093773,movie,Predator,107,"Action,Adventure,Horror",1987,7.8,434036
tt0093779,movie,The Princess Bride,98,"Adventure,Comedy,Family",1987,8.0,435787
tt0093870,movie,RoboCop,102,"Action,Crime,Sci-Fi",1987,7.6,267170
tt0093409,movie,Lethal Weapon,109,"Action,Crime,Thriller",1987,7.6,266125
tt0094226,movie,The Untouchables,119,"Crime,Drama,Thriller",1987,7.8,318440
tt0092890,movie,Dirty Dancing,100,"Drama,Music,Romance",1987,7.0,242339
tt0093058,movie,Full Metal Jacket,116,"Drama,War",1987,8.3,758034
tt0091042,movie,Ferris Bueller's Day Off,103,Comedy,1986,7.8,369209
tt0090756,movie,Blue Velvet,120,"Crime,Drama,Mystery",1986,7.7,205972
tt0090605,movie,Aliens,137,"Action,Adventure,Sci-Fi",1986,8.4,731897
tt0092005,movie,Stand by Me,89,"Adventure,Drama",1986,8.1,416942
tt0092099,movie,Top Gun,109,"Action,Drama",1986,6.9,473862
tt0091763,movie,Platoon,120,"Drama,War",1986,8.1,422972
tt0088846,movie,Brazil,132,"Drama,Sci-Fi",1985,7.9,205014
tt0088847,movie,The Breakfast Club,97,"Comedy,Drama",1985,7.8,413404
tt0089218,movie,The Goonies,114,"Adventure,Comedy,Family",1985,7.7,284641
tt0088763,movie,Back to the Future,116,"Adventure,Comedy,Sci-Fi",1985,8.5,1237120
tt0089927,movie,Rocky IV,91,"Drama,Sport",1985,6.9,216083
tt0087363,movie,Gremlins,106,"Comedy,Fantasy,Horror",1984,7.3,233862
tt0087469,movie,Indiana Jones and the Temple of Doom,118,"Action,Adventure",1984,7.5,503006
tt0087332,movie,Ghostbusters,105,"Action,Comedy,Fantasy",1984,7.8,425366
tt0087538,movie,The Karate Kid,126,"Action,Drama,Family",1984,7.3,232848
tt0086879,movie,Amadeus,160,"Biography,Drama,Music",1984,8.4,409425
tt0088247,movie,The Terminator,107,"Action,Sci-Fi",1984,8.1,884545
tt0087800,movie,A Nightmare on Elm Street,91,Horror,1984,7.4,248058
tt0087843,movie,Once Upon a Time in America,229,"Crime,Drama",1984,8.3,359957
tt0086250,movie,Scarface,170,"Crime,Drama",1983,8.3,865039
tt0086190,movie,Star Wars: Episode VI - Return of the Jedi,131,"Action,Adventure,Fantasy",1983,8.3,1076506
tt0083987,movie,Gandhi,191,"Biography,Drama,History",1982,8.0,236151
tt0084787,movie,The Thing,109,"Horror,Mystery,Sci-Fi",1982,8.2,438076
tt0084602,movie,Rocky III,99,"Drama,Sport",1982,6.8,201338
tt0083658,movie,Blade Runner,117,"Action,Drama,Sci-Fi",1982,8.1,787173
tt0083866,movie,E.T. the Extra-Terrestrial,115,"Adventure,Family,Sci-Fi",1982,7.9,420467
tt0083944,movie,First Blood,93,"Action,Adventure,Thriller",1982,7.7,262039
tt0082971,movie,Indiana Jones and the Raiders of the Lost Ark,115,"Action,Adventure",1981,8.4,985248
tt0082096,movie,Das Boot,149,"Drama,War",1981,8.4,255468
tt0083907,movie,The Evil Dead,85,Horror,1981,7.4,220940
tt0081505,movie,The Shining,146,"Drama,Horror",1980,8.4,1047894
tt0081398,movie,Raging Bull,129,"Biography,Drama,Sport",1980,8.1,362804
tt0080678,movie,The Elephant Man,124,"Biography,Drama",1980,8.2,247623
tt0080684,movie,Star Wars: Episode V - The Empire Strikes Back,124,"Action,Adventure,Fantasy",1980,8.7,1319730
tt0080339,movie,Airplane!,88,Comedy,1980,7.7,248376
tt0080455,movie,The Blues Brothers,133,"Action,Adventure,Comedy",1980,7.9,205710
tt0078748,movie,Alien,117,"Horror,Sci-Fi",1979,8.5,902379
tt0078788,movie,Apocalypse Now,147,"Drama,Mystery,War",1979,8.4,681607
tt0079817,movie,Rocky II,119,"Drama,Sport",1979,7.3,220562
tt0079470,movie,Life of Brian,94,Comedy,1979,8.0,408548
tt0079501,movie,Mad Max,88,"Action,Adventure,Sci-Fi",1979,6.8,213132
tt0077631,movie,Grease,110,"Comedy,Musical,Romance",1978,7.2,286717
tt0077416,movie,The Deer Hunter,183,"Drama,War",1978,8.1,346464
tt0077651,movie,Halloween,91,"Horror,Thriller",1978,7.7,288462
tt0076759,movie,Star Wars: Episode IV - A New Hope,121,"Action,Adventure,Fantasy",1977,8.6,1392252
tt0075860,movie,Close Encounters of the Third Kind,138,"Drama,Sci-Fi",1977,7.6,208192
tt0075686,movie,Annie Hall,93,"Comedy,Romance",1977,8.0,270235
tt0075314,movie,Taxi Driver,114,"Crime,Drama",1976,8.2,862729
tt0075148,movie,Rocky,120,"Drama,Sport",1976,8.1,597640
tt0072890,movie,Dog Day Afternoon,125,"Biography,Crime,Drama",1975,8.0,263555
tt0071853,movie,Monty Python and the Holy Grail,91,"Adventure,Comedy,Fantasy",1975,8.2,551434
tt0073195,movie,Jaws,124,"Adventure,Mystery,Thriller",1975,8.1,623066
tt0073486,movie,One Flew Over the Cuckoo's Nest,133,Drama,1975,8.7,1027851
tt0071315,movie,Chinatown,130,"Drama,Mystery,Thriller",1974,8.2,334429
tt0071562,movie,The Godfather Part II,202,"Crime,Drama",1974,9.0,1299519
tt0070047,movie,The Exorcist,122,Horror,1973,8.1,420743
tt0070735,movie,The Sting,129,"Comedy,Crime,Drama",1973,8.3,269350
tt0068646,movie,The Godfather,175,"Crime,Drama",1972,9.2,1906999
tt0066921,movie,A Clockwork Orange,136,"Crime,Sci-Fi",1971,8.3,847171
tt0067992,movie,Willy Wonka & the Chocolate Factory,100,"Family,Fantasy,Musical",1971,7.8,209108
tt0064115,movie,Butch Cassidy and the Sundance Kid,110,"Biography,Crime,Drama",1969,8.0,220622
tt0064116,movie,Once Upon a Time in the West,165,Western,1968,8.5,336843
tt0063522,movie,Rosemary's Baby,137,"Drama,Horror",1968,8.0,223382
tt0062622,movie,2001: A Space Odyssey,149,"Adventure,Sci-Fi",1968,8.3,684704
tt0061722,movie,The Graduate,106,"Comedy,Drama,Romance",1967,8.0,279806
tt0060196,movie,"The Good, the Bad and the Ugly",161,"Adventure,Western",1966,8.8,776490
tt0059578,movie,For a Few Dollars More,132,"Drama,Western",1965,8.2,262576
tt0059742,movie,The Sound of Music,172,"Biography,Drama,Family",1965,8.1,244320
tt0057012,movie,Dr. Strangelove or: How I Learned to Stop Worrying and Love the Bomb,95,"Comedy,War",1964,8.4,500021
tt0058461,movie,A Fistful of Dollars,99,"Action,Drama,Western",1964,7.9,223236
tt0057115,movie,The Great Escape,172,"Adventure,Drama,History",1963,8.2,249315
tt0056592,movie,To Kill a Mockingbird,129,"Crime,Drama",1962,8.3,321993
tt0056172,movie,Lawrence of Arabia,218,"Adventure,Biography,Drama",1962,8.3,300853
tt0054215,movie,Psycho,109,"Horror,Mystery,Thriller",1960,8.5,686971
tt0053125,movie,North by Northwest,136,"Action,Adventure,Mystery",1959,8.3,334331
tt0053291,movie,Some Like It Hot,121,"Comedy,Music,Romance",1959,8.2,272933
tt0052618,movie,Ben-Hur,212,"Adventure,Drama",1959,8.1,244983
tt0052357,movie,Vertigo,128,"Mystery,Romance,Thriller",1958,8.3,410566
tt0050083,movie,12 Angry Men,96,"Crime,Drama",1957,9.0,811776
tt0050212,movie,The Bridge on the River Kwai,161,"Adventure,Drama,War",1957,8.1,225484
tt0050825,movie,Paths of Glory,88,"Drama,War",1957,8.4,202055
tt0047478,movie,Seven Samurai,207,"Action,Drama",1954,8.6,352524
tt0047396,movie,Rear Window,112,"Mystery,Thriller",1954,8.5,501487
tt0045152,movie,Singin' in the Rain,103,"Comedy,Musical,Romance",1952,8.3,248710
tt0043014,movie,Sunset Blvd.,110,"Drama,Film-Noir",1950,8.4,226682
tt0038650,movie,It's a Wonderful Life,130,"Drama,Family,Fantasy",1946,8.6,471718
tt0034583,movie,Casablanca,102,"Drama,Romance,War",1942,8.5,583016
tt0033467,movie,Citizen Kane,119,"Drama,Mystery",1941,8.3,450322
tt0032553,movie,The Great Dictator,125,"Comedy,Drama,War",1940,8.4,228531
tt0031381,movie,Gone with the Wind,238,"Drama,Romance,War",1939,8.2,322191
tt0032138,movie,The Wizard of Oz,102,"Adventure,Family,Fantasy",1939,8.1,410022
tt0029583,movie,Snow White and the Seven Dwarfs,83,"Adventure,Animation,Family",1937,7.6,205777
tt0027977,movie,Modern Times,87,"Comedy,Drama,Romance",1936,8.5,248098
